component_key,Authority,split,image_count,filenames,relief_group_keys,content_sha256_values
component:009eadf1e1e76e80,Sargon II,val,3,"BM 1847,0702.23-1.jpg;BM 1847,0702.23-2.jpg;BM 1847,0702.23-3.jpg",object:bm_w_1847_0702_23,01c98767e76010c7b5b925abca522a8e7b517fd585a0c219c40aad2b2f56ff98;5e0910660fbaeb0ed56d9fa227fecca65052909febd299d47710a7fcf6b3bb79;cf88ee8ea732a03ca5a378829ce1fa785f45842e0764390d2564fab593d56e14
component:012bee4adb044601,Ashurnasirpal II,train,1,BRK 55.152-1.jpg,object:brooklyn_55_152,81e5458bcf295f8244f8930cbd225674e2d5076fc30d683f856008df0edf2345
component:02d89d12ddecaf40,Ashurbanipal,val,5,BM 124871-1.jpg;BM 124871-2.jpg;BM 124871-3.jpg;BM 124871-4.jpg;BM 124871-5.jpg,relief:bm_124871,2a56f843c49d9d99a7b279f1deddbd2a310a1840e420f4e352306f4ff2c72e18;5e2b3a2624201d4a4a268b2198466ee42b756638c5ef4a640ad04c3488adb9c3;e3c7ef157d398cbf6c949b017764bfe55d65c31705516a978c88cfcb7d6ba075;f92431063cb7935ca1130d5ee0cf870364eecda6b297d6d95d1b1759b270f7ce
component:04ced4585574cfc3,Sargon II,test,2,AO 19885-1.jpg;AO 19885-2.jpg,object:louvre_cl010122709,2ac339334939551a36780d52d8025f887b41080874fe2b4109b47466410dbe00;65685a88b0fa3bc4b6633106dbd61db7695a5f79de95f40279f1f159f3d048e5
component:05d16ddb0bdbd2e1,Sargon II,test,1,AO 1434-1.jpg,object:louvre_cl010122553,080ccbaf8ba32242b30b93996e69122ec370ec2d5f4d2b9ee866dcdcd6bed0fe
component:06ebd955af403609,Ashurnasirpal II,train,1,BM 124575-1.jpg,object:bm_w_1999_0122_2,7ba78af7b945ed4e18d467f150e3c2164c522afd6d999b81121ac0ec6a12e00d
component:07261405323f561f,Ashurnasirpal II,val,4,BM 124535-1.jpg;BM 124535-2.jpg;BM 124535-3.jpg;BM 124535-4.jpg,object:bm_w_1847_0623_13,059fa8a4afaa9687c59a681368f22551cb8da5789296cf7a8ac0e8d9f5684987;4efeca104b334b159960d5ebf221beb225a586ce39fa6424c188cb0c19624023;936ecb40f9b48be1a0c0494fe3ca6353d7c9def389cf37ed08330a6ab788d0b6;e2499dd9cdf12ba87e56fd75cc3c8768f500680600318bf822a02ba39e5725d9
component:0baff48dbeb38fea,Ashurbanipal,train,1,BM 124873-1.jpg,object:bm_w_1856_0909_48_9,53480a75d784c561e6c8a541727f819b25f8e59edb97234660bee7c36ff48163
component:0bf45e75d49b75ea,Ashurbanipal,train,17,BM 124794-1.jpg;BM 124794-2.jpg;BM 124794-3.jpg;BM 124920-1.jpg;BM 124920-2.jpg;BM 124920-3.jpg;BM 124920-4.jpg;BM 124920-5.jpg;BM 124920-6.jpg;BM 124920-7.jpg;BM 124922-1.jpg;BM 124922-2.jpg;BM 124922-3.jpg;BM 124922-4.jpg;BM 124922-5.jpg;BM 124922-6.jpg;BM 124922-7.jpg,relief:bm_banquet_124794_135120,0f2275134adeaeaf5afc144090fd46d04a6d70b1e42fffd1dd9af2fb4c06dda2;1ce25151539357a9bc86cfe464097b5e492eb7003377cf20a2cfe95e16d61b14;1d82b20c305bb10c41852199cf1b22341fcb6d465addad2dc04b976b44c2607a;2388d190f5c83b31df49d850d920f1955a8d551e9a773ad50fd60369704c79fa;265b880895e528cf07e26ade675f2b418698256666d16d224b08e964404d42f3;3058d3b03603728c6cfe36f3686977f58c070fc47c57ca94e3e8b8ff5a559d9e;3ef2c716c5d134654eb7ae87c7324614c5bc24b2672fadd3acf7b1c5cb339c85;466c0f63db5ed44bcf77975cdb7eb6ea4bb6b002abfcd0b80ab29b9e145aa7c5;663628b09e0e972d25c1c5fa3d07b9b8956fe0c6b6d43e8d9bb405bf5b8439eb;719c5dad656342d251bb5c65bf38bab4640c4597208b27ad8cf974994a9bf538;71e03d76cb58969f62603fd5db6c82e276e98c50bc3e0c47a0ccc096e3415f3b;7bb8c790f2ac96ffd494a0ecb38a55e0f54c4a241efb618bd103e40aa1e05ee3;909c1ef03d12337add14a682959a9f52825137e0b8e18086c2af7d69efaac0c9;a590e232d713c2fa7ffc8a4df6eba2e4575e1c9cbe824590b8c02a405587b296;a73bb1755b9277a140857ece329623ce78f2c303ceedb1a74d234ded4b5966a1;bb9eeba1fe92895ab69560bf5ae5f7737cafdee1d0fccdf59bdcef42e7809f39;f97f557f44437be4b42b227106235d7400550c42977741ae78c3f3e894063d73
component:0c378f95e2bd8162,Ashurbanipal,test,3,BM 124918-1.jpg;BM 124918-2.jpg;BM 124918-3.jpg,object:bm_w_1856_0909_41,1b1873f02c6adb7565a686e9c688bec962f7e988f69b3cf02901874da5a6c78f;303601db6abdef4d17bd0139a2c8337d1e2961d9998a2fd6e1c52eaf80bc2c5d;6a36bd3ae4012322a123ae1faf5126ef12718d33e0b33f6cdd3262f8b81e6f41
component:0fefa98f5ee860a9,Ashurbanipal,train,2,BM 124863-1.jpg;BM 124863-2.jpg,object:bm_w_1856_0909_16_7,15e3a58768003284a8727b2147692e4ff201f7bd2b40d6a562bb8520afcc9c75;6291698c9a52d8f76e9ef9369bb6281aad5b23dd8c274f4f64dfe53c843f4427
component:139252299d267a57,Ashurbanipal,train,6,BM 124928-1.jpg;BM 124928-2.jpg;BM 124928-3.jpg;BM 124928-4.jpg;BM 124928-5.jpg;BM 124928-6.jpg,object:bm_w_1856_0909_33,12fc205425accf9033455c3734b8354ef292e92835e28f0d1df24ba7c419beef;5dd00b7fff51d66f87d67b3207094c3ea163c83761e51cb4aee070a1d7c078b6;5f8885d2e9a09320930747de9a87ca550ce5724d4e63b13a4a9051dbf580080f;9580e18ebcdcb33c94ed9336d5e506cd8bc42930e0866eeeb52dcff6120b3cd7;c92e4ff3fe40b8335622ac9ed6aed43f1332a27fe882e0499191c8c918664df4
component:139864b96e6ccf45,Ashurbanipal,test,2,AO 19904-1.jpg;AO 19904-2.jpg,object:louvre_cl010123114,3e04fa94a8915fe57fc7493fb3688a151824e4d03f704fa972dcf28970522829;dacd1b4fef94bf8f2edda42507bc81defe8e60d1c6c4ed0d99f24594d28cdd3d
component:13f42e84829385d1,Ashurnasirpal II,train,7,BM 124538-1.jpg;BM 124538-2.jpg;BM 124538-3.jpg;BM 124538-4.jpg;BM 124538-5.jpg;BM 124538-6.jpg;BM 124538-7.jpg,object:bm_w_1849_1222_10,4d3562d23aa80276db355ad43afdcc98f76feae50886114a22c489b7c2ccc443;7808176d6e85a888969d3f5bec477cc967c9aa097ce36e0f6576ee917cb3b6cb;92fe9b165b4c09502b9a6d25bc3ba128bd8c8987a848711b8b8ca03b3742b13d;98eb68ffd59973065857786899dd3108954df17c23041fe91e10b9a471af22dc;c883fb8236cbe00ddc5a54535173389d295af94175ac8344da1463f3418992ee;f256268cf0abf7111bacba078ed106bae55bff3d08ac816631c3b55931355fef
component:14aa59f2757727fb,Sargon II,train,1,AO 19871-1.jpg,object:louvre_cl010122696,1531fbe4253cfd25e3c3821f60acfd23f0b3d1b3c2b0405988d3f6e1442a7ec6
component:163b7fbb90fc152d,Ashurnasirpal II,test,3,BM 98064-1.jpg;BM 98064-2.png;BM 98064-3.png,object:bm_w_1903_1012_2,bf6295f90b472a7647053e1b2af192b7d56053acf1a871b8a8f32a594838e3c1;c67174d6b613f17d277485d50f26fc3cfc24b7d963ac8c3444494b1ed29446a1;e9168167f6fc253caccd46a9f5f2bc668a8048f5df70fbe8bdef6f9e7214e116
component:171a483dd91aa166,Sargon II,val,2,BM 118826-1.jpg;BM 118826-2.jpg,object:bm_w_1847_0702_8,ae9fee02fa8d0f27150412a25db5e410667086e00c373eb170934cf4063d377a;e323688f86ed6c9b6832108a9b42c00f8b25b9aa665813113a80a655000abb1a
component:18ed313c9c99a6e2,Ashurnasirpal II,val,1,BM 135156-1.jpg,object:bm_w_1895_0410_1,8ddcfc2d516fe67c088fbda78b2ac9033a4ed833adc00bd72023efcbc02be1a3
component:19105d9a8b80048a,Ashurnasirpal II,val,2,BRK 55.155-1.jpg;BRK 55.155-2.jpg,object:brooklyn_55_155,6a137e334f53101cd72a4dac07ec624fea8f42b478534061a7c080cc2a612660;eb9274a45161c1e783b28cb0b3da736c571207c7acf27b9b7de4993352b7871f
component:194818d86f4f5bc5,Ashurnasirpal II,test,1,MET 32.143.11-1.jpg,object:met_322618,08cdb132de5e21e1163613d8e28b16af26d4660707ad6e59805fa6b3d312806a
component:1bac5ff573ed447e,Ashurnasirpal II,val,1,BM 135157-1.jpg,object:bm_w_1895_0410_2,f047b78d0161625175683398ee39df162eabfb5e70bb78fbbc493c649e64b4f8
component:1bb07f297c6fee31,Ashurnasirpal II,val,2,BM 124583-1.jpg;BM 124583-2.jpg,object:bm_w_1849_1222_21,8e3209f0dcceb32775652e8e9f29038300e8ec8dedd2bb1c0c5cb901a0a413e2;d169a739f0dda04038a34aa415e9bd3f70dec7226270429e204a354d47952c42
component:1c43cf51b033625f,Ashurbanipal,val,1,BM 124853-1.jpg,object:bm_w_1856_0909_15_5,c4ed9b05232ae46c736dcdf4eadb448c5c6c6dba23f50368867a7af5d0d33573
component:1d0f12f23787ad6e,Ashurbanipal,train,1,BM 118917-1.jpg,object:bm_w_1856_0909_27,f00c0a15098f744253464161c7f0c214ca084370e431e9a1fb5180c984325aee
component:1e557c5a50ee4473,Ashurnasirpal II,val,1,BM 118874-1.jpg,object:bm_w_1848_1104_12,4cb1c2d745f9e7832be3ca28445182e02c0e23373b06a645e15ae34a56255faa
component:1ea64e618b4f360d,Sargon II,train,3,HM 3944-1.jpg;HM 3944-2.jpg;HM 3944-3.jpg,object:hermitage_86820,4711d7d3a0fc93cbd8359fdfa9e2813f94fb776d6e3f3acf5429cafcb8d4d2f1;b1271985ede6611d58b9ab0b770abf73d4b7d84b3df5f50a482b3239310ef688;c29f8893174b2405cf540103b19453545f11aab7f45800cb54b078b3e167db70
component:1f23fa1ca4c4a2cc,Sargon II,train,2,AO 22196-1.jpg;AO 22196-2.jpg,object:louvre_cl010122728,b23f718bfa32bf48f82ff15dac98b8128678949e09f87cbb115bbdca420baeb1;e59e23b72c59ce72f9f324b9b8873b0bbc74355b4c70b6fcead4c6bf97cec0a9
component:1fa6775155a411ef,Sargon II,val,2,AO 19922-1.jpg;AO 19922-2.jpg,object:louvre_cl010122725,0577f64783062418c878945dba24a55a5f3364747af2bf9cbb4bbd79094c18be;84444c384f7701bfc7c2a3d8ad45b534043c28bc25d7b1fa8ae578153b0ea029
component:215397b113a8fe8e,Ashurnasirpal II,val,3,MET 32.143.4-1.jpg;MET 32.143.4-2.jpg;MET 32.143.4-3.jpg,relief:met_32_143_4_32_143_6,7761612e6c5c431f2bad18340d3167e333883741d0d7e347257d98f789c21ad8;9a9daee80346a5eea39effc66adc8233c9c6411efeea17033ff5514522af20d5;f4c93090bd86fd2cc4cfe9b180d966470c91665fa68b5b422c2efb949abab9cb
component:225675e484c11a2d,Ashurbanipal,val,3,BM 118914-1.jpg;BM 118914-2.jpg;BM 118914-3.jpg,relief:bm_118914,0936f27313b5ee814565c7c429041e1bce34ae5ff0239d433ccbcd67f92f4cf2;85a30ec154f92792bf01f66dc18a7ec60ec590edeb48e2eedd9ea987611d8940;b18738351ef40079ea068804e8f5b4e996efdeecc11e750b19aebf5a52964ad2
component:2267ae1a000e44cc,Sargon II,test,2,AO 19897-1.jpg;AO 19897-2.jpg,object:louvre_cl010144618,c570ca8648ca0f63149ac12537112b4939e07e59fca9687c24dba12c1f6f82d6;f7e780a5fa8839d063ac0201385ea039bed613eacbe1ca621f4ae1b0469f1b29
component:242afe8b9ec37c4f,Ashurbanipal,train,3,BM 136774-1.jpg;BM 136774-2.png;BM 136774-3.png,object:bm_w_1976_0201_2,07bd24c62ae1de349f414755d4c19eeaecec32872e55424bb2a1c010c55da907;09edfaa66f8b4c6310d59c578c154eea39ff86a74a8ecb1d3cc0f5d1b19d67e9;b6d8f07a7230db636f9fe8e4d3a554992c712cd537534b5bd3d8465c9ff9e24b
component:249769d3ac78a884,Ashurbanipal,val,2,BM 124773-1.jpg;BM 124773-2.jpg,object:bm_w_1851_0902_29,14416a3b3f4631f27d115719f25ad8ff8f126a59f85516e87f2ffc7902b946da;e1ec6f42a3db37aa9649454058480a116c6e5900774517c9f8749ddc25593fdb
component:26e66da85c7a430b,Ashurbanipal,train,9,BM 124866-1.jpg;BM 124866-2.jpg;BM 124866-3.jpg;BM 124866-4.jpg;BM 124866-5.jpg;BM 124866-6.jpg;BM 124866-7.jpg;BM 124866-8.jpg;BM 124866-9.jpg,object:bm_w_1856_0909_16_4,09ade9f0d01fa8908e78463f9a569200177a22f2a2ea25cf72db6a6efa34220f;158770ceb8e5161e2389833d4702448919a82d77382177a506e4da9b7229d6f4;31ee3559c89889cd54f1270621110f7cd07d3c8ee7b68c9304a40142ec385610;338a046dceabba909f20d615d18ec6fd6f660f1c53477614b78ac0892680b0f8;5aeaf3c042e8b67ebab8783dceede726e0b63d931194ea5acc99c738b22a24b2;9152015f5dd97f0ac155f71c682d8d0d952644db6662142bf7a7948332dee7bc;92cddb21db0dadecc4a31b10ef0bc44cd0fe81e0eff64bbfd6ab4b48f3182f31;a42b70b8347fb4b52f0160aedf29d7479ec73b8e04c6a08544998b777d66b808;ff21b32cc5607f2c823162c3a75987cd28fded74a2a364255df560731149109c
component:2853e250d91ebacf,Ashurnasirpal II,train,3,BM 124542-1.jpg;BM 124542-2.jpg;BM 124542-3.jpg,object:bm_w_1849_1222_17,890725c52b9a717b2582cdb058df1a7c893c95a08286fe3afaae8bfefc9d2444;b126fe609b51afbaba7321da650f8122b65f5fdd3fa95582a5e83977c243124e;ffc43c68bf652542f313b45e4bf7b8b24fd5ea45e0ff11871dc765494d4bcc15
component:2de276763d24f2fa,Ashurbanipal,train,4,BM 124955-1.jpg;BM 124955-2.jpg;BM 124955-3.jpg;BM 124955-4.jpg,object:bm_w_1856_0909_1_5,299b9f30fe421d5680c82e78c2ef9550af5aa91e370d37dab6238f51dee8b7c9;41f56ad9e340ac99855c7e2144faf7eef3ccf0dd803c6dc8587cb2610008a613;49b6ecf142ae3d622f6889a39bb0b028fa18110661effcd853f92c4b61572302;f3d9574821f9f0b94f5339247fb575313ede0985679ac356a9200ff52984585b
component:2e0d151c3d3af4e8,Ashurnasirpal II,val,4,BM 135741-1.jpg;BM 135741-2.jpg;BM 135741-3.jpg;BM 135741-4.jpg,object:bm_w_1856_0909_208,00c27ad50e447ee193f178e979a28124be2a76308d4f38e75e2362619c77223d;09af695f5501aff868dc340451d0bedf5af2081495d221dce63b17ec705c32a8;238ae9efe1183c0a0b751a02482a497889f10d9d5784adb0e23d335c65652125;cd9f8170e6dcb5f1070cae9c2a847568baffa6306940c294bdad8f101aabe1f1
component:3073a63f6c4efce2,Ashurnasirpal II,train,1,MET 31.72.2-1.jpg,object:met_322594,c41e1be3eb6cee26d236e6c39f8a83d616c0111dea952f50e21488cc99d0a56b
component:31c240ebae704a9b,Ashurnasirpal II,train,4,BM 124556-1.jpg;BM 124556-2.jpg;BM 124556-3.jpg;BM 124556-4.jpg,object:bm_w_1847_0623_7,1d241113c425248813a050ea8d279dcbfc1b2ebe7f23616e68d800b999ad8439;377eef771fddc85bf4d98734c9fcd6121d8acd678ed36b83fde98a74e539a7aa;bd2d4681c0959e6e88e22230685ab2263faee18aa14ba63826e138021b264091;ed7fe89fbfe3dda8b32fd2226a3423279fd44ee5f9965d413b8bc02f3f220967
component:31d0a238521b770a,Ashurbanipal,val,1,BM 124879-1.jpg,object:bm_w_1856_0909_48_3,75030a217f42f21074a13c50716bd9394cf7522621624475341263e208c03908
component:3697cf77676acf92,Sargon II,val,2,AO 1432-1.jpg;AO 1432-2.jpg,object:louvre_cl010122684,19e8f132c3d0f1811cdb445df5dd7403434ea518192e0a9ec753379fc87a8c69;9230376dded008c47a8972ea5dfafb77a91a4a52c84d6923761d713194b52e85
component:389caffffea9065d,Ashurnasirpal II,test,2,BM 124560-1.jpg;BM 124560-2.jpg,object:bm_w_1849_0502_1,2cf60b20efcd33fdc73a1b12f592b70137620be01806209e9ffb0558dc8e8163;ada6997baa402570c083201dce45ce3b732fa03138c59cfc29654088d53b7849
component:3e985709cf1b12d1,Ashurnasirpal II,train,2,BM 124561-1.jpg;BM 124561-2.jpg,object:bm_w_1849_0502_2,6c73055487b8ecd056615bb61ede9ad6b19156d609d51002eebab668235fff4d;8d4e3950157ec6412cc5802efea8a02c7d41a8966ba377722d9b004de90b455e
component:3f2eade201d3abd2,Sargon II,val,1,AO 7375-1.jpg,object:louvre_cl010122556,51062eaa12bce999bc8faf1424f3819158ba7a3efe77faf2a13978f859fda61c
component:40153bfc4655886e,Ashurnasirpal II,train,1,MET 84.11-1.jpg,object:met_321613,6c0d8532ab1faacce23a7ca87741937355bcd8f771ced223a70939ac1663fec6
component:45464579fafc1cb5,Ashurbanipal,val,4,BM 124860-1.jpg;BM 124860-2.jpg;BM 124860-3.jpg;BM 124860-4.jpg,object:bm_w_1856_0909_16_10,2aec146089d2f72265d229853ae884be0beea2ffa708904a05575e2e6fdb90ea;4aa9ffc37142b931b3df3215e07c3f4ec29b1bc2564a0f2fe812932220a48f0c;72576878a429f419b9b4c2a90408890fad99592494fb25b4f3fbf875e0c263f7;8a6a7cf22a9162dd536a870408d6bbe4e288bf4cdea7036d32daa1264ef9a209
component:4833eb143da10e06,Ashurbanipal,val,4,BM 124864-1.jpg;BM 124864-2.jpg;BM 124864-3.jpg;BM 124864-4.jpg,object:bm_w_1856_0909_16_6,b305e123557c954bf06d157727564ae6e32ad3b641871ae0d62fdf5a59e64ff3;bd97aa6e30c16974a22a1a0dc44286027d703baffb5bf570d1979f7c44b838fc;bf6755376e1b9d99ce75a49c1c8a40fa31969617843acfb3f3cfe1de8c1de52e;f9a195002795399087f60d9383ebdc57bc7cc97261c4be792759080a83621f87
component:498119326172e19e,Ashurbanipal,train,1,BM 124884-1.jpg,object:bm_w_1856_0909_49_50,b7e3043f8df7b9c9d58082b291406b05fc9545c2c8a7db04e54cdd2c9730b397
component:49dfc86ff54bc4de,Sargon II,test,2,BM 118829-1.jpg;BM 118829-2.jpg,object:bm_w_1851_0902_34,3dee47f08ad23df92231626ab97eaa5d430fe0fff198b01d3fa4f03ca1452759;b58995baa0f2b54d1c07b5e1f767ee529ee1cf9863eb7ac9f55c58cd59683f77
component:4bfc973eedfc63c4,Ashurnasirpal II,val,1,BM 118922-1.jpg,object:bm_w_1999_0122_1,ecccfb8acb362e9c93b1e2b1a19a8bcf89940246f967c297e6544cd47f09a7e0
component:4c3567b32080450e,Ashurnasirpal II,train,1,HM 3939-1.jpg,object:hermitage_86815,c109d904fb56e34c943181af5ee62532960283a645e99bcd771ab49b627b3d8c
component:50368ece00ecbe9e,Ashurnasirpal II,train,5,BM 124537-1.jpg;BM 124537-2.jpg;BM 124537-3.jpg;BM 124537-4.jpg;BM 124537-5.jpg,object:bm_w_1847_0623_10,340df10509fc6d92192ce51c3c06157d91e4d8c43802de266d72c005ba5147d9;748eb234f98e3cc2304a213f4628c7797147aeac5118219aba6cac1651cdd5d9;848a4774b70e328186a6aabeac217d4d7bcf055eb54b292bdd9f93666e6cb208;8873ae607abe0209f6b7d0061e09b584871f536bbb9c84a3b40dd5fbfb49f351;ad9dc93dfd7b60e58b26431d114955cd3a84caf9ca59204eb45755f07f8369f6
component:522b510b30a82ec1,Ashurnasirpal II,test,1,MET 32.143.9-1.jpg,object:met_322616,97dc94cdb7f5a3f899380378683d26d53ada321747efc1166300fcd3da449ab7
component:523e94ba0d2d4c84,Sargon II,train,1,AO 7374-1.jpg,object:louvre_cl010122555,884a3ec465ded441554e6239d90b2f9e4d576455599d89465e0d4691488685d8
component:55138a9168c67a6e,Sargon II,train,8,AO 19873-1.jpg;AO 19873-2.jpg;AO 19873-3.jpg;AO 19873-4.jpg;AO 19873-5.jpg;AO 19873-6.jpg;AO 19873-7.jpg;AO 19873-8.jpg,object:louvre_cl010122698,10b2102eb50202b5314f6b8bb6da426a7229cc29e2c8699a001a1440efe8e23e;368c9d7909442f606f90c5314e39191d3e20633175232eaf17dd7872997a924d;4a7831fba5c10b4778e1986a79acf3971b29259fd25f1d2a3de09ad1aab782b0;9c02a82f978591b78ee384850d2909262cc22e5cc4bf4fcfe388957001cd7198;ab01291d25306b08be1061c9d3c98f2fc593b8234cf50855d8ef1c8f9d1efac4;b4c011169b203b596be6196957ef856ef0494c33628c5d3899e7335a4bb6feb6;ee93b98e411e4cfe4ec23b7f625fca0aad80807c74c667a7e444722ca639f3c2;fdb84952046bcd7bd3729e83ff64acca9b790be49e068762301e4036f7cbda7f
component:553eddc261bfeb8b,Ashurnasirpal II,test,1,BM 118803-1.jpg,object:bm_w_1880_0130_5,962dc3519466ca1783bf60b7d48f543e4179a48550fbf61fe711c20781e70fa0
component:5694b5b3d9601b8c,Sargon II,train,2,HM 3945-1.jpg;HM 3945-2.jpg,object:hermitage_86821,2eec64ba824e9ce426af1f38d51dd40cd773e4ff10cf85bb2c3b6bf3f88c7483;d50c38cf2e94a75ebc063a388840cff1fceb0c5750c45ce80de5d9e449e82225
component:58643190660ea037,Ashurnasirpal II,train,4,BM 102401-1.jpg;BM 102401-2.jpg;BM 102401-3.png;BM 102401-4.png,object:bm_w_1906_0714_2,69526e536ba24e7f961a9217bd5b1e2fa98ede5d608754f93a3eb6e3625b3c34;8ae140a8a61cf089479e5486057c6d8f15361e6006827c9396cb1e7bcc19162f;b6d26c6b00fcb053e0590924ffccf9756f16db2495fff400179b8bce23905388;fae12adb41b9284bf0fddd911be66e6ec4f3e30244af4388e959d20476f0ec20
component:59b79106796ffa78,Sargon II,train,1,AO 22197-1.jpg,object:louvre_cl010122729,f6c5162ccc61a13060b18932d8f56a5e94a407f3fe16b57a3dbaa924dbc9d60c
component:5a3ea3d7d07bf037,Sargon II,val,1,MET 33.16.2-1.jpg,object:met_322896,326e42381420890a0b755746ad7c18b73b1937a70226a013b7bcdbab4d19e98a
component:5ac1df0635a784a9,Ashurbanipal,test,1,AO 19902-1.jpg,object:louvre_cl010123112,d377ea453e3bea9140a11adc7ca10c42bffde12e1335b053f74e22b0e4cb43c9
component:5e021a1f487bc669,Sargon II,train,4,AO 19881-1.jpg;AO 19881-2.jpg;AO 19881-3.jpg;AO 19881-4.jpg,object:louvre_cl010122705,0318d9e631354b1d5745d005189a047de96c780adf8718dc8792b9fc51ee268f;734fbed4c1bbcd66f71af5878a405739390340a51118d9b034f3a274803b3d17;a9c8772d4c1ed2c3d5c25c0307cf283496a05aa86985180a1a7e43eba0afa118;d893860389e15ec2e2f76c5c8367efe72e53487480961026f347d7bc4ded29a1
component:61844604118d8373,Ashurnasirpal II,test,1,MET 31.72.1-1.jpg,object:met_322593,0d11c23b29fd89966935c878a12ec5fa7fde812c9b7c297225f9f4c0d978e44b
component:63b31dd3bf2f99b3,Ashurbanipal,test,1,BM 124888-1.jpg,object:bm_w_1856_0909_19_3,4535a06025c72eba4b76b458abf1393f98c34513e6b47b7479cb6195067ab7a0
component:650b4f291e093537,Ashurbanipal,test,4,BM 124868-1.jpg;BM 124868-2.jpg;BM 124868-3.jpg;BM 124868-4.jpg,object:bm_w_1856_0909_16_2,288373a950aa651159030f9fda1c5d3cfe0e1152eebfd9393cb7f0b7c12340a5;290eec9ebd378932dd0e10f9e9212cd5edbcb78589e2dc2d81fbb7269d30a1c7;8eab1d9f9785178b2a245c0e5241a700afb0a4fe0d8d16b7ac9609c1a9d6ed75;9a48017acd1e0f38c4336019a21758d9c920275408263884e2fa87bb9e8736dc
component:66205cc2821f7266,Ashurnasirpal II,val,2,BM 124576-1.jpg;BM 124576-2.jpg,object:bm_w_1849_0502_3,37bd5b1279aa29d47560f1732d225d0d99982767af5a3991190954d329b385b3;b6f68a424d79fe3537dea8b1636b264caadb3244a86e159f70879861a43ceda7
component:67088b2d9af71f3d,Sargon II,train,10,AO 19889-1.jpg;AO 19889-10.jpg;AO 19889-11.jpg;AO 19889-2.jpg;AO 19889-3.jpg;AO 19889-5.jpg;AO 19889-6.jpg;AO 19889-7.jpg;AO 19889-8.jpg;AO 19889-9.jpg,object:louvre_cl010122712,369f7e920ca08e85f32231a4c5f34193de4a28c3a9400a27aa65897909b853b5;4d271186c25570bcc8c69bf8bfc802b592382419ba453fbba43eb75de646989b;548419e6326f93ca847e5243f30b09df33f687c9a7908a41c0445ac36c949d8b;922fcdee0c53041c5ab72aba28bd98e551a4252c7691d7612f92ca517de1a5e1;a21d9190f2b704e93aec66afbb59b51046acfeb439fcf6b96afd9f9dc102270a;b967ff776b2b71af6fda9bffe3015cabd0ba7bc60ddb6b4583d1265ceb63d2bb;cb0442ee79769a48bf0eb413314c8614043040170f2003315c8474d66db5ebeb;e49c7e910d353e49aed8f7f5cd1c822ed783f0232db46e5338a0db158ec5b737;f04dce413fe3ad16af2d2756a1a3999e004803d7b5cfe6fca505e8ceacf36f02;f128bebb341f97b85d1a5aec99b6fe6058d8ac47133dcab258ce37b837f0497a
component:68d57114ead66984,Sargon II,train,4,AO 19877-1.jpg;AO 19877-2.jpg;AO 19877-3.jpg;AO 19877-4.jpg,object:louvre_cl010122701,4bef1a6777a790ad4afaacc43de2540149ff5a7248ec6d5f0c211776db67423e;96c576241bd6c03841b3112cbe44937f41fd544111843390ab25ce338bd418a6;d9adfd5347a421ca72d126c58e90c22e3b2498d0026c6cb8bb6f5715779dfb00;e6f57949688f74e048debb56d923dc8bb15d17c9b710830fc19e74b6ab4e1909
component:6c072bf2bd520261,Sargon II,val,1,AO 19893-1.jpg,object:louvre_cl010122716,f8300b43208f738eee880c88da7ca5b2c27388f8439e241441e218f159f9e66a
component:6da1b9c482fae118,Sargon II,train,1,BM 118820-1.jpg,object:bm_w_1847_0702_5,a76d17e61754080729873a97394f8e1f4cbac330f2743de695c30512f977a2c0
component:70df518540cb132d,Ashurbanipal,val,2,BM 124933-1.jpg;BM 124933-2.jpg,object:bm_w_1856_0909_17_18_8,3e28473d45df99b1414e3972774f92e7e8eec949a619cda9ab87df9698e21757;f27a8c50662d7bba69bc8e333661464be4cd4480f2c4a1b5dc8926ba1952d810
component:714698abc49698c4,Ashurnasirpal II,train,4,BM 124536-1.jpg;BM 124536-2.jpg;BM 124536-3.jpg;BM 124536-4.jpg,object:bm_w_1847_0623_6,1c579120cb732f332d9452ce122c41ccb835798f55ff0d32ec3ef8b41b2d05eb;3122467a79609c52074f43be4b17608c0a7adade67a4778184b58e02450a896f;7dda9bfe2108ed36a14ee932fa4906b298e16f99f2468b38022100dd68e6893f;ea0bcf25227ccf9385dd235008fa8cc7a1fd465c480b4edb2f2122877b82c050
component:729e44ef2a7f092c,Sargon II,train,6,AO 19872-1.jpg;AO 19872-2.jpg;AO 19872-3.jpg;AO 19872-4.jpg;AO 19872-5.jpg;AO 19872-6.jpg,object:louvre_cl010122697,33e380c240d6e3fe31e172162087ed7fc9f6ebdeb9cdd0b2ab17ff899f40398e;6641ef298759c013a1a2b07c2ffde2c850352805a6ca8ef17f47702052bda648;87bddce5d693bacccca02f29ed2861f053dcc9eadcc98ade9b0f71db2cdc9c40;8d602e045d9903648df5c87186db0df118f4d2be1756d8889847adb74dc3dc1f;b055e3a0a06cd8d75683274fb6eabaf45709ef3b21e47c1b1c32f52b15a6e297;dd800508a216db266d983a6cfae0b4a6bd131a4af64f5c9992e9e8ff3afe3987
component:72f4a3fe5e28d6aa,Ashurnasirpal II,train,5,BM 124553-1.jpg;BM 124553-2.jpg;BM 124553-3.jpg;BM 124553-4.jpg;BM 124553-5.jpg,object:bm_w_1847_0623_9,178fb62c4fbcab4a774d5e344dd450c5b66ae9a3da4778dd55c214643c549121;58602a0d6a672a98237378ea304704a7f0d4522f4a04d7d2f0001e68e765f605;d0e6148a0087ba4c2918eb07b0b14bc13447a46338f80604184caaa5a99e5038;e5c7f0f60e1fa93536069d7bf4692c007a141ff4b697f9da76b57774dac5689f;f7703ba2eff0011d58fd4574bd1facb232188f673884450dafce5182e0583d0c
component:731cdf8eefe65907,Ashurbanipal,train,2,BM 124857-1.jpg;BM 124857-2.jpg,object:bm_w_1856_0909_15_1,129f83e75687c8f068a0a3c04b7aba614fc90d15b8928718865dbbeeabca46d6;84952c762642d32e00bf587283bec0c9d368c308dd4a05888f38cb87bb7b1457
component:74c99548cb578fc4,Ashurnasirpal II,test,1,MET 17.190.2082-1.jpg,object:met_322491,ee67cbabc7782ee32a96d155bf0e276402ad4634308351d2eca3942a4bcb7db2
component:780c196f9e54b401,Ashurbanipal,test,1,AO 19909-1.jpg,object:louvre_cl010123119,1f324a233b4b9ca37ebcffbfed11742fe33d55024db6713ac08c856034c17a71
component:78b470a76efb3c4a,Sargon II,train,4,AO 19890-1.jpg;AO 19890-2.jpg;AO 19890-3.jpg;AO 19890-4.jpg,object:louvre_cl010122713,0330de1ece93c6a50543225f93c2c056e9ae7b468b36d7f3d156e068ad9c3ab9;16f0b4ccf6bcbc869975a9bf3a286d88ec8e0738288592c48beb6ae43e90324d;cb5f3aea5f13a9a20e6ddaae893e8aa73890d17c365464618d34567375baef9e;d45625026acd088a7b3a6ac0014cd8e3817351d892675f30001ccbb4dc70aff3
component:7b4027c147e8fcee,Sargon II,val,2,AO 19865-1.jpg;AO 19865-2.jpg,object:louvre_cl010122691,1ca844d9d11be79391b5d25f82a8da12b56faa0d2fa5f45525a89ad369c3e37d;f2cca9995c0d613e200dbbffa0287842465889d7a90f9663cb22dd5e4d7c504f
component:7bde19305458e067,Ashurbanipal,train,1,BM 124938-1.jpg,object:bm_w_1856_0909_35,251082b2deeed17cb6b7a0a6dc923b25202bb476b9c6f20cdfcb51d8a80e1135
component:7c47474369feae95,Ashurnasirpal II,train,3,BM 124551-1.jpg;BM 124551-2.jpg;BM 124551-3.jpg,object:bm_w_1849_1222_12,5711e5cfcf20a37930dda692e140ea0e2f35f8175950ee2275614fcc2d500ad5;647d01db598548495c80cb401bc836d47347a1eefdcfd6008019023e1f1dc7cf;b9cec3f876f0ac1bc9aed5adfe03849f3983770669641825adf7d1c6f8c9df2d
component:7f7a4a218eee6934,Ashurbanipal,train,1,BM 124936-1.jpg,object:bm_w_1856_0909_17_18_5,3aaf1147e4727dfae5cf9fd5f5831f5ec8aa8c646c178bdaada622b6304c1be1
component:8244cf8ec945b843,Sargon II,val,3,AO 19887-1.jpg;AO 19887-2.jpg;AO 19887-3.jpg,object:louvre_cl010192657,030d4309ce66365ec427adb97812bb70809a18d216c43286ee593ad497145d61;0bb90f40f2cacdfa2a80933dd38cc69b6c2b63a54d6756a28b91cdf62ba53bbe;96a2eb8367399ff045bccdae01b395cfb8ce154ce67656464f3ad5936c6f6bb3
component:83428ae96cd80e09,Sargon II,train,2,BM 118822-1.jpg;BM 118822-2.jpg,object:bm_w_1847_0702_1_2,29fba96532b1b90e0c64a18907d0f6c4f9febd9165845e81ca67f61d99ea1fc1;764a75456632b91c853325ad9f52097f19efee998d67a48068ece2856a0ba843
component:842ac1d29f484e20,Ashurbanipal,train,3,BM 124825-1.jpg;BM 124825-2.jpg;BM 124825-3.jpg,relief:bm_124825,a0113ef9554fbb6a6f034ba7c28ffbfeba6b69c258875252f8db8d640bef1842;a97a751d6222aa9dec82242d62d9bb1e9b020f958ada767f0877cf60ad31ad37;c78ee2ce813ae449155aa729b383400bc1f59afd1b057de7c8677980bb5afa71
component:844b8485e142729f,Sargon II,train,3,AO 19886-1.jpg;AO 19886-2.jpg;AO 19886-3.jpg,object:louvre_cl010122710,16e074e5769db5386492f57d507beb8a53a607ceff95f6a6384af8b33e56e447;16ea9e678b35a230921183682394b38741fa322a73f8fe9f47584fbd3ef24511;24bc0a95427eb8abcb999a02ce9ca408552f5bc06c0112edab4c6a7632f71748
component:858e66f9b8ac3881,Ashurnasirpal II,val,3,BM 124547-1.jpg;BM 124547-2.jpg;BM 124547-3.jpg,object:bm_w_1849_0502_8,125da2d1c9e7e3ab7051662b53dedb2f26e53694022989c2324784c4e40ffa63;c707206d61755f5eea42c94a0ed369d008aa5907c8247dbc0385470fa81083b8;e8751465b7117114106c724753384136750b9cdc4a04e3afea0ce27171f50818
component:86b9d6521ef4cf93,Ashurnasirpal II,test,2,BM 124563-1.jpg;BM 124563-2.jpg,object:bm_w_1849_0502_5,1a1e6ae96d242a4bbf48f217e5c8f54205bd4a1eefa1c9134ea9b3d511ebf006;a6abe624bb39d6c99d4f53467d9e6d367b32ef662b0a140ada8fb2b0bb93b066
component:87abd43133adb021,Ashurnasirpal II,val,4,BM 118876-1.jpg;BM 118876-2.jpg;BM 118876-3.jpg;BM 118876-4.jpg,object:bm_w_1848_1104_11,890aaf85d5f3207436c65a98759e6bfdc4aa39bfa2ddb34ef6243cac60c7d471;8929f2ad5219c7b46417ceba6f06f3fad132a75dd241d93c9583aac64d078234;98c78e305e00c52235c370bb05be115dae71f3ae18ac187beb471f145b5bd92f;bd76ca1794ccaf9fb4e3eeb0103fb2264c704142d431115ea37eaf7fdbdad739
component:889f6ec812739c34,Sargon II,train,5,BM 118832-1.jpg;BM 118832-2.jpg;BM 118832-3.jpg;BM 118832-4.jpg;BM 118832-5.jpg,object:bm_w_1847_0702_26,084c60aba23eb165b0b3cfbbf7153a6b83acc7a47294abbb4d46dd8b3728607d;9923b07defcb7d268b7b887ad277e5dbad677bfdd5fa64ee344d5e933d1953a4;ac7c368fa706b044e9abdea2ab675e08fd013d23177502ab0a035c8d5f5cf24e;d14d5238f2bdf6e6f16554a5cbce86b5ea61de8217eae2d8eced53d96b611900;e0731f56ed28c4a2ee5f59649b3fc1ef5d017f6a6f3b0edc5dab576727473cad
component:8948646c0aba7b34,Ashurnasirpal II,train,2,BM 124578-1.jpg;BM 124578-2.jpg,object:bm_w_1849_0502_4,d2bbb26acc4024f559bf28b08a1530a90ac2bda17bd47a638b242608665e62a5;ed3f484f9b2533e131c2471c2411d671d03fd765a2c7adf1ea2546a486d5c37a
component:89e36a40d358915d,Ashurbanipal,train,76,BM 124801-1.jpg;BM 124801-10.jpg;BM 124801-11.jpg;BM 124801-12.jpg;BM 124801-13.jpg;BM 124801-14.jpg;BM 124801-15.jpg;BM 124801-16.jpg;BM 124801-17.jpg;BM 124801-18.jpg;BM 124801-19.jpg;BM 124801-2.jpg;BM 124801-20.jpg;BM 124801-21.jpg;BM 124801-22.jpg;BM 124801-23.jpg;BM 124801-24.jpg;BM 124801-25.jpg;BM 124801-26.jpg;BM 124801-27.jpg;BM 124801-28.jpg;BM 124801-29.jpg;BM 124801-3.jpg;BM 124801-30.jpg;BM 124801-31.jpg;BM 124801-32.jpg;BM 124801-33.jpg;BM 124801-34.jpg;BM 124801-35.jpg;BM 124801-36.jpg;BM 124801-37.jpg;BM 124801-38.jpg;BM 124801-39.jpg;BM 124801-4.jpg;BM 124801-40.jpg;BM 124801-41.jpg;BM 124801-42.jpg;BM 124801-43.jpg;BM 124801-44.jpg;BM 124801-45.jpg;BM 124801-46.jpg;BM 124801-47.jpg;BM 124801-48.jpg;BM 124801-49.jpg;BM 124801-5.jpg;BM 124801-50.jpg;BM 124801-51.jpg;BM 124801-52.jpg;BM 124801-6.jpg;BM 124801-7.jpg;BM 124801-8.jpg;BM 124801-9.jpg;BM 124802-1.jpg;BM 124802-10.jpg;BM 124802-11.jpg;BM 124802-12.jpg;BM 124802-13.jpg;BM 124802-14.jpg;BM 124802-15.jpg;BM 124802-16.jpg;BM 124802-17.jpg;BM 124802-18.jpg;BM 124802-19.jpg;BM 124802-2.jpg;BM 124802-20.jpg;BM 124802-21.jpg;BM 124802-22.jpg;BM 124802-23.jpg;BM 124802-24.jpg;BM 124802-3.jpg;BM 124802-4.jpg;BM 124802-5.jpg;BM 124802-6.jpg;BM 124802-7.jpg;BM 124802-8.jpg;BM 124802-9.jpg,relief:bm_til_tuba_124801_135122,0ed79e80b32ca004fb3d1db0b2d373af5d7aeb84876d62ba0e289d4d931e5e0a;1a2fa14b702bfe236598347d40022dbbaf1b6d5e8c8037fe2282e24d54a93ced;2b2cdd6f7a2596ced0f0454d20002a06866ca147e6cd92b9d16c362b48556194;2fede34f1003f91dd94b35d1c56afe79da553e2a17e82f2f753fb50c064476ea;37874097cd119d16f3e26b153422a024e5e4a042cb091e2da79eb53e5cfa44bc;378fddcc5f650af795744539b420848d07d54690490356d1259b9255b2527625;3caf214f0476a7d588d954901cf318225d89bea0581fd502a28a70521afbde38;3dffcdcc9df6a2e498655f347f16807317b9f7d0d4401455705e233d01b40631;45603c66ff5881bd4bbd08d6b7ff46819a477e1299cff18714dc3bdf3657f44d;4842d53d5a42005dabc9f23ae76c91945062035efa36fdf1ee86ee04b3a9089c;4cc46ae039583dad263e25ebefb9b602ef162d75c343d0cbc06d1ae33f23a754;5148e07f39196a396f1dffe69a0ff44c4c9a8c169290a18b77ec123bffd80195;55ad34f397b0885941938378ff7a3585509c1a0e89e7af92e231e7071d6d24e8;582462c2833b09b42ea9a2bfe9853f0fdfd3e5d3dcd4f87e72ed75629046df66;5c7ef650ed4b64f130b69fff61d866c09d5412757d02def43467763c436692b7;626fcbb783170a66fdda45157b54e3b303edb958303aac4d95f574248c0ae9c1;65030b0ab7d4e7afdad64ce3a85124799516b1d1228d02c82cb08892d71afaf7;650e3fe994b722407311b10d3a1487bf22e0db88530cfefe77ca8d6147f83d12;6cdd1c8d3ae038464fc4287548f12b9c83815367631fbcb725c305a4a0871e6e;744a2be41d12f9e55eb3c2b6129c75bcb89daeae71e3d898e729ccac893356f9;7862481363c216592437862d2be89c674632f15861d86de546aa451f4b4f4d46;7baad69b0bb676f0f401b3300862e17389f8fe1e8805d29db4239a2b0b64bb87;7f308800f0b19e9fb13b47384973a7a35fe2b94c425826ef4bf0622f64fd0792;845c9d56a0652ff85eced67e14af24de646d22167be1895507d1a9f62f220580;859c5c2ef44007db5e76b100711f4f5864401f4e8cda539baade51a2c9a188e6;86df12d45759d8a85ca5422959e89f7bf07a6cb611540c86ee06ed4ceb894ae3;87bcde0e4875351cd8dbceb312c4ba0f5a01a02c9e33c49ce643ef09989d8759;89ba05c8ac5f832a364071339355851058237b1298e5c267ee682997ae5ea3dd;8d1e53bbe5f90ac95ffd842ef80516428f182290476412d788e4190fbd63786f;8f90ad59a1809cfc92f2c7063a3e58b10254c4fff132ef457df41a5b0509b0a4;9155084ba64f6975ad1dabf84dffe24beb5421f0e35bb08d6b8061128df9f312;9310e250839495eafb0a2699b79768d2627f510f5e586f6dddef4ae38cf44b3d;963272327c0865bd35d9ecda62917e64c1b20ebff1ee65c01dd8f9d159e6461c;989bc7647dcd699390271ee633019736509c5384ebcd10faea7052ff01e7ce11;9c550f7e9e59b0b0402cf7c57978b43be5d32f6d7090a8aa17810c1a8b56a81e;9d8370666ebff8cf8fd108a1c2d79517025feef9278e19b188f8804504bcd68d;a22307a0834d76b161e70caf4e1df5653da00e37d23e3fae1a97c554c9b31fdf;a3e44bb09e3cf213fc6b9f4ccb14347a840598bd5d1be84997959799d69a63fb;a40c43e29539fe454e25a28afc4c7ea030dc67cfad259fe4e278ca5364da938d;ac1c93e46fed6a4f4246752ff7f448a6968f48b7fe821f4d7c4113910634720d;b03cc9ce607ceb0a80ded592b889bb97d8f20cd50859c22e69ad50f211dbe95c;b0dde06cd4ec96c492667fb2fbc3105f95e10a37b8421eaca8cd1cb3aba27ea4;b2eed83dd046541c3b738598ed799995b435854f79c7ae75a01843dbf3980da1;b3b12d52d1acaf3aa6ed5e6368e3f39416210a61f8b2853fc83f448cd7ec3783;b6a1628a0f9872ca8a950023db67c001b23be2c59d07598076a2e57362961345;b6ee6c34b83a364be383113e5213bed2ae7e0c1ae3147ed8b2017772cf3a3a95;bb6f534d4d9ac1f9adaf3c1e10b31faa1cc1bf2bfd8c7cc4c4a111a608be717c;bcb8b44b339e11656ac07dd9c7625925abdd77873e6c2809f0ab8f0cec0451da;bd024270a3bceb6455bc3210b3a57d4dd12e0b7b88d324c56dd160521a756c44;beab90948b185fd8dbd61a58adb19fea094d65252e95f5ca67986b6014f8735c;bf851c9546cf964b762fbb3a0cf7bd4e9e51156c0285a83b821575d120dcb90d;c0d8d7d600c8b42aaa36057b9cce07fa6997e79ebbb8a252ed1664d740acd424;c1d3cfb423ca8143d3ecd46fbb7776889a84491689c877bc13f0791cdaf442a0;c4779cfa6eee942444dbe4ff984d2bc2b38e45e935122b86ca9e854a9e08894d;c6c6d15317d20f933e34261ef0b9fcd7e8676ba5847cd028abe3587e9f048582;cb725e8b10d15f12cc12653514f9772246385ef7e3e28b0d73d61b6cfdbe86a8;cd7837c275906e468b2dabc67578e52ad9239f7862de2d25ef7bc25cef00af53;d3ef6e6c7804b18f022f6628f42c81610312994713993417f54b70e7a8cad7f6;d8452782fa30c91838d4bf3bdc68ff64ae57ca096d20df125f77bcb052742366;d91f8f8b1b00d3997e5f05ce09085dde1fb660c74374b7840fde6b48d9a18e45;db64274079e1b110af61855a2482f1183379f4c8a68ad348eb7b2b8a090465f5;dd739158221b84366a6fc290093180da00928b0bda8ef8356e67bd91ec31b23f;de4cb93dfee891290a11afaee70ec2b6c1898e9d623ba681c8cfad218a89b719;e33c028ad74582b50cc9088f58f37f4278001295104c8fc904d022a69acbe180;e9da8ac2866bafdf3d7d1353bb100891abde6ac418f1f7321434dc4b6fb0b283;ebf3092c07456bda6e255cf456d2ae70bdaa16d3dec0a4bb4bb0de5e435008b1;ec60baa7f06427667be94c86abd123b0a6d0dcda60527f958ee331d94b9a17d5;eeb7b95ee19f0a1013ef8c8ca349033c58349703f699924f74f2a4e2cd8a6d44;ef5baf867332a7567a3b331d5143138aa1522eb0d5371784b3a3bbb969dae4d6;f4ca0498c4e00f040223f56f7b9b70abe7c33495cd100588eeaea35bb03b1203;f9e9bf43865085c5b5f493208051fee559bda07ebd79ce8299225dca0890f36a;fb3cb0582367dfd791282ca07ea2df7263c3a67761f8b90a7a20aa1ac9e579a2;fc5c8a54ca0f8dffcaa46028bbb577eeec5a669f0bcd35f48dbfd1c05a7ffb13
component:8d39f08650c1146c,Ashurnasirpal II,train,3,AN 1982.224-1.png;AN 1982.224-2.png;AN 1982.224-3.png,object:ashmolean_460750,67d4f9b234237b809b9cea38a169aba9e8e44947100a3c54d666931aa672112d;9a9bd282b343f86bf7b8de982a42eb46a2fb3818371ebef370a787705fae0f81;edaa78f03af69e80e7363e380708f11a758a9a1693895ef7d59b939a7613b115
component:8d51b0b11c849e47,Ashurbanipal,val,7,BM 118911-1.jpg;BM 118911-2.png;BM 118911-3.png;BM 118911-4.png;BM 118911-5.png;BM 118911-6.png;BM 118911-7.png,object:bm_w_1856_0909_28,0bb57945b20e9db5962df65abcfdb6b170b8718ef0077bd596893e95a64d394d;1be0044e83f6644c26c0464f30136976df469e9d8f4d4e6a8b94a4a434ead67d;4ac463386adcc8b8444d07ae223454046de1366df3737252e21286516a4f8683;a05bae8162d2c80dcc04e9ca167f070bdb3cf9bfc955df869e46d9d6209bd1ec;b7857789c20f8352fa4fef8ebfe0c14d6788cc8cb3f2e14568e42c6205f3ea83;c89c363ae6ebd5b0a526d364b70529b0a4ec9320c9c3da3b2c4ccbd1b980aa16;ff6b718777b46aabb3fabb630581635c1fc11a568b7f0fa368eebc4a18d0e62c
component:8de77587cd185312,Ashurnasirpal II,val,1,BM 118921-1.jpg,object:bm_w_1999_0122_5,8af0946cdb224d1b2c272df434fc8d2d302da31b8af46dd0ffb66ba99200ea39
component:9046945fe1c51b0e,Sargon II,test,2,AO 19864-1.jpg;AO 19880-1.jpg,possible:louvre_ao19864_ao19880,321c436b1722ea0ae6905dc9867ece54ef1efad1ea84c82c6a0aa128e8e8775e;c704c90c36b062334c01ed1f39e6b1a2bd93e6c0c2957ef2d7a0b535c33f7145
component:96ac818096e6f999,Sargon II,train,6,AO 19883-1.jpg;AO 19883-2.jpg;AO 19883-3.jpg;AO 19883-4.jpg;AO 19883-5.jpg;AO 19883-6.jpg,object:louvre_cl010122707,2a2dfb13025a2a39d46aa0ce8213fb76e2e5ff33937b21640ba72ad7a734b49e;416151909b3d6a7ac1124a10e50d5f9500c9210363cb6a76487bc009302bfbdb;8d2b63ee182c7c49f5d46d21d5b1cf3461baefaa662ff61621568f5e23e8a6db;a9ee99452e47eb76a9c11df22820f3d0c2ff9b227d0181d9ffb70f620b63fd30;b642ba2308105a7301631c6140e761ccf9a6efec6d6729fb80d82c59eeeb7061;ca4e9bba59418b171e69fa29bc6028a37a474f2d1eeb63d141c1390a88f5f13a
component:97180690efbeb15b,Ashurbanipal,train,1,BM 124878-1.jpg,object:bm_w_1856_0909_48_4,c6297965296fdf7f695c6d5e54a5d6b8782ff0a39abeca09282f809c8b94382f
component:97fdc419825cbe03,Ashurnasirpal II,train,1,MET 32.143.3-1.jpg,object:met_322610,84b3df528034ef96d4203638a943aff94ef1fe8f0450e6f48b74d3c8b8364c08
component:98d94e84b4c2b40f,Ashurnasirpal II,train,9,BM 124532-1.jpg;BM 124532-2.jpg;BM 124532-3.jpg;BM 124532-4.jpg;BM 124533-1.jpg;BM 124533-2.jpg;BM 124533-3.jpg;BM 124533-4.jpg;BM 124533-5.jpg,relief:bm_124532_124533,130217cf0f91498c6677bca497cd376c5087e017889dbac75cec70f9552dcdac;2de603fd8dff66d65653da541aef1b11798fa7628110810e87169cc3f84b7c49;3bbfe592519596bd174811810b7221b0a56785d656ad82288b4374729fef2c87;602efc37bf807ef3cb1c7faacc382a4dd614befeffd835fd38ee9aea35c05bf8;8f57e992e2e9b52e8e53ca1301a7ea8d8f256ee1fc5116a608ae35807a15c486;c076864f83ab11c354324119582d71b34bab74b5a70a43c340817bded7734d01;e57b97c83b58af955780c6907b4e85ffd278455b7edff624bdb151052ecbf0c4;fccc8a60e4867f18e18699eb0ad4c4a589de79f4c93a662591cfea8782f73f58;ff49971b4cda1474da7202ee3999e033a29dc7ce2f7242f8bf3fbae27aeed9b2
component:98ffe851137cd078,Ashurnasirpal II,val,1,MET 17.190.2079-1.jpg,object:met_322488,a39431ce7d4664683eb9db44ccf2a478c066214e43f5d60c51d255763f865ef3
component:9a39941197451d81,Ashurbanipal,train,11,BM 124886-1.jpg;BM 124886-10.jpg;BM 124886-11.jpg;BM 124886-2.jpg;BM 124886-3.jpg;BM 124886-4.jpg;BM 124886-5.jpg;BM 124886-6.jpg;BM 124886-7.jpg;BM 124886-8.jpg;BM 124886-9.jpg,object:bm_w_1856_0909_51_1,05a83cc62d3588413372cc48b7034e78e71c0bd9bda44b38ca57ef7f9fff8ebe;7f78410e1dddc68470e204ab0f098dac60eb24326a38b8307ac3a37d8df8f7d5;86a6ccb7ca9efc7a17496b632d612f5c5cdd7aee814387ad51a119164c57b860;9c19f3f0d8dd1fac090cbfe5ab3dd75d2ce310a18060360f6b763b07348513e1;a20d92520ba2acc5e59046b56ab39c373b41af86830b0b085f3735daede73dee;a8058d62c664895dae97cc3cdcc2f5f38118b58015c18c7ff755955dcfde7ce0;ad415ae42a30078f05788810e3be855d05a55656590abdb0fb983961a217d61f;b82534d6395761b588f68cbc53db7de02f98e05c31cdab7d6ede3107d648d6e3;c5e09708bec6eba23f2e60b700f35375cf1030747f2fbc4b660adc47ac0856f3;cae8b3ec7c5b4e6a97c88d8a70ec023d25b30cc6f6d33355ad5b8ccff8b337f3;cf61aaafb5a76428da6f81ab619191f5d1e7e2f30a8a0dc3dd1f95d4e28338f0
component:9ce4a66bd4cc14b7,Ashurnasirpal II,train,1,MET 17.190.2081-1.jpg,object:met_322490,076a2f0ee48ee3dc336690c77ab5ce2f4166e6bdbe924ca1723afa35dd6db81f
component:9d7186f00b3f5e19,Ashurbanipal,train,31,BM 124875-1.jpg;BM 124875-2.jpg;BM 124875-3.jpg;BM 124875-4.jpg;BM 124875-5.jpg;BM 124875-6.jpg;BM 124875-7.jpg;BM 124875-8.jpg;BM 124875-9.jpg;BM 124876-1.jpg;BM 124876-10.jpg;BM 124876-11.jpg;BM 124876-13.jpg;BM 124876-14.jpg;BM 124876-15.jpg;BM 124876-16.jpg;BM 124876-17.jpg;BM 124876-18.jpg;BM 124876-19.jpg;BM 124876-2.jpg;BM 124876-3.jpg;BM 124876-4.jpg;BM 124876-5.jpg;BM 124876-6.jpg;BM 124876-8.jpg;BM 124876-9.jpg;BM 124877-1.jpg;BM 124877-2.jpg;BM 124877-3.jpg;BM 124877-4.jpg;BM 124877-5.jpg,object:bm_w_1856_0909_48_5;object:bm_w_1856_0909_48_6;object:bm_w_1856_0909_48_7,02fa9c73a2875063294d4437dd8c0ff1ecd22287b3e0a5a54bb4724880730568;05892bc8091be307939de4f4c53b2d8c20264f6e8c58a0e8f4beb3bb5d125211;09d89016bc6f3ffcfaab1a8c3d9de6ad49e622f26e3bb6c028a0356a6bff8df3;0b2bc629d84bbeb384d5c42758a392b16134d02f087e1d3ef998aa6775a4ea0b;10477743a6c479d70c7b9ca918e21d17efa7a243e9d94f19df772938a40028d6;15911ebcfe3d277fc5ea74bbe06893108e125431788ddae96a9ec671f7c33258;1af18dc6c60e1ca04f4a8d397c84e011e81e37ef65417debb0f97b5e3fbb86fc;1cda888b6bca96ddbf191e74dea9b8b839a028e8bd7785de183cea42169ab516;20b1cf91ebeae31ebfc241e81e258973ce4dc3b8999ea3fe7811255aca3468eb;216b2d4b9ad2728aa100f862e33cdd6a6be019227a4bfe4fa749b8ccae96050d;234e65b8255f4b3780b0971662e5910fa5bbc6bfd45e1fcfeea2af5bd1402574;24c3636055f2d90335dc830240f12b008dc16aa33e9f32fe6e95ebda14558eef;2b39039c7411f969d094be4611afa3c1cfaa882fa2ba9d77c27d11441f7a63b1;4b3afbe766106a5e1a4e47035cca2e2add388ae4fe89ba9a295c8402e912404c;61feb530956bdf454737173db0a2a854a84c072c2b2a0ab36c45b84889fdb631;62686c537d122bf357b5e314da4e5fe9fffad5e952d16322fdae4bc0b2c16d85;64d68517bce4348051d0503c851c7966a7502bc7c1edf2b92c84b4b53c1af245;65a2ee5675f92f1a8d64a26a303f4c94b9b3fcd89cefb0e37f310e88753d6ec5;6a21535d132b61f1d01dea629173129e25f8fb32d56d79d1a277083bb5ad5b2d;70b4643b604bf8e7afc3673d943881fabf7acabd7f86ef823183f2057c7447ef;87fd3255653e7146bef7a8947fd50e4913f519afe7c3b28e91a306ed39c3a783;a06fbaabbf41621dd74a1560478c916d3bb0604f0e3e9388892afd1b4ba2ae3c;a93b169d789feb9a647126fdebaa482d94564b11aee737fee2fef4f81dd7dda3;ac9f3a09717ed8a34e6c67a34a8c6d6835aa40cfc380ae896daa38f2a0ab2cf2;b06d1bfb3dcf5ba23aaba0663fef0954f8327f9065bd00303c8e1e57fc39992c;b31c30e0a807a320a6c1438b2b4f25d39a3af1c861ed6f72a451a387540cc50a;bd1031aeeb81a7fbfff202cf3b2288bfde034a497cd366286578fbf1ec879ac2;c58f415efd29238661d395b7aaaf84c66f39f998380ba5e27bbc6726fb554d21
component:9dcbcc595fed88c2,Ashurnasirpal II,val,1,MET 32.143.8-1.jpg,object:met_322615,a0683360f6f08c1b493bb56e2e50c2f0d872b548c98de4e652e6d8e1a76c7aa4
component:9fdfe6b5362f57ab,Ashurbanipal,val,1,BM 124788-1.jpg,object:bm_w_rm_1094,301980fd3594c5a31c7090ae1e4d1b30a153ab0acf767db9562a40db340dd11b
component:9ff43ffeb33e9ebe,Ashurbanipal,test,2,BM 118912-1.jpg;BM 118912-2.jpg,object:bm_w_1856_0909_25,461f4b5fbbf53fd0f3951918858750f920baa8d449dd6edb692115bc6b5d594c;526a4e02815fbb5b472968ac2f3e06c8846a44345a2c7cf9d2f69b576a9df6aa
component:a000c84f44139c2e,Ashurnasirpal II,train,13,BM 124548-1.jpg;BM 124548-10.jpg;BM 124548-11.jpg;BM 124548-12.jpg;BM 124548-13.jpg;BM 124548-2.jpg;BM 124548-3.jpg;BM 124548-4.jpg;BM 124548-5.jpg;BM 124548-6.jpg;BM 124548-7.jpg;BM 124548-8.jpg;BM 124548-9.jpg,object:bm_w_1849_1222_13,26d764cea4c9126b12eebf597ada9c3a7efb35b6aab6854f9426d0e661e20271;32b580c42225eb9d18ebc82630861766648c3cf7e5cb505ef6868e8e09f3a843;5951766b1d8fd3ad73a50b10ca6b727a2d4da3b153eec96c0fa7699518e5d33c;8500864d013337da5aae47884cc6dc35f9f070175096fe3f64ff799cefafc2d5;9f782a39da13f214cd88dc55b277427600c0e0a5718b4f34511f27d95e7e22b0;a688b7dd2f5c6eb2b2ca1050c8fc6b6714a9c686913074d096b935c7788e7e12;cc0b734d93c2ee8f8b9e69ff9673779fea98b1be015c910794c869c1726430d1;db4280b5f61fb5572433922b7489a340d07b3c7ef7444e76c1a356d137bc05f6;dee565f512ff13240fd0930868a62de4a358ef1c2e7ef81c289256944eb699b5;df5d23cfa252045126e1709b1e236de69b7f8fb4bd8556df9c0e34e2cc91ce57;ec41b64d71e4234ebc47f86da42261dd3e996d6db42e130bafcf01c41a423f81;f7eec5f3b22c60f700e93286af54f9ca4af990d35ea1d71f656af78d0624e083;fcd942150998c4b6f56b4ab737b8546cbb3cdf71f2b37e9eda638b618c0c793f
component:a144771d002c241f,Ashurnasirpal II,train,23,BM 124564-1.jpg;BM 124564-2.jpg;BM 124564-3.jpg;BM 124564-4.jpg;BM 124564-5.jpg;BM 124564-6.jpg;BM 124564-7.jpg;BM 124564-8.jpg;BM 124564-9.jpg;BM 124565-1.jpg;BM 124565-10.jpg;BM 124565-11.jpg;BM 124565-2.jpg;BM 124565-3.jpg;BM 124565-4.jpg;BM 124565-5.jpg;BM 124565-6.jpg;BM 124565-7.jpg;BM 124565-8.jpg;BM 124565-9.jpg;BM 124566-1.jpg;BM 124566-2.jpg;BM 124566-3.jpg,relief:bm_court_scene_124564_124566,0ce2873aa5840124a1cebaa084b108d46e7f7c7a829ebc7f71497dbfa22a5848;1b27e74b9fd5d71485560abd3c6482ab2394df9dadb7a0fce1c02f1b9505d524;2f0de3e31e48af4a5b29d098819108cf05ca0c15ab9555da18786e5b36242772;52509f2a0d3be4610f30ad5a26863f0d16a637e02751f976ce6489bce36824da;7e073e424b62df5aaf6393aad95a18df8e02657ea2f9a64b73bc84401e8e3e28;99494ba21e19e5bdaac5136440c9f34d0698feaf904fcf5ab6d368b77e987a71;ad701d1652e3cfbf64eaf47da3ef57d9490570e28044a9d43c4c3127252ce9c2;aeca001345a2bf0d7b95717b67da73fc35f884aa70b11aac0475a3451133fdfa;b8cae3edb8ff601ddf4ae1829b9e8be37c60ab7b76a11ecc4d06ae56056f5f9f;c308f815a8977b3125e22eb0e734726fb7c92b7721fd4c33e68eeb9e6553431e;d3f1627ef27066fd71b5cc345c4e4f244a244b073a83d0b412ff418b89ae7e18;d79ac64be3d9530c73cb930a3628c3f6074dbb2af62e5fd1dfc29653d518ae93;da13e7e1837da8a8cfd9401bb60dcd5a160d5af15576e3ddb7c82126b50c24bd;deb9379edeb17df285320ac454ee21469927c9a87b0303295a2d7152f91a008d;dfe234d9611b688645f886a4476491c2b78f74b4fded18d006f172729340fe9d;e3d492fe2599362351c8a5fd7f278b0d8bcdf543804d5f92d9f074d1807da95c;e9d5db29b778694204e2c0bf71e099a333d88ad2e430f262a69f538b433754da;f923f2153435b0cc419fff80831a1086785abe867394ae7c76b83562807a9449
component:a2c3e4662a48afa6,Ashurnasirpal II,test,3,BRK 55.149-1.jpg;BRK 55.149-2.jpg;BRK 55.150-1.jpg,relief:brooklyn_55_149_55_150,37e93291b30b1f04fdbc34ddcdfa9deccfa8254b3658cac2babdabcc7e18e592;a6a4c088e9189ca61ab3b156f87f84ec92d3d03e8952c391bdaaf5de5f58b8e5;a74176b96cb2d55fe7a7f7e2b4c7c40d78fb2ec67a34e3f7ad1a3c9d368c7597
component:a8606aa2ad096d9a,Ashurnasirpal II,train,11,BM 124584-1.jpg;BM 124584-2.jpg;BM 124584-3.jpg;BM 124584-4.jpg;BM 124585-1.jpg;BM 124585-2.jpg;BM 124585-3.jpg;BM 124585-4.jpg;BM 124585-5.jpg;BM 124585-6.jpg;BM 124585-7.jpg,relief:bm_124584_124585,0c3aa7a8f45ec149783c8455af12aaaa5534a4954187d6dbd75544e37149ed8a;0da3df20dc3bd4a02e5fc8b90a74c6e56ae246b20e7cacf20d5cf0f83896983c;33d5a243cf61f4d16dd7cfb31a0c19da7d07f594dd4dedda4e410d35a2ead048;4de85034aa243f91e136086eee74bfd0adac8c863f7acad5d2757cd22c78fdee;77ebb14efa040fb83628b4feec7020b1808c54fa48ae3856797d5d673c59a184;83ec5f19b914967a88eff50515e544bfcd0e38f9c19d088463f2831ea3f7fb4f;a5931330405c4f9e9d0fb817f65a3e361b6468686ac653d8d0383b199a2441e7;c68dc34b60ef362550f4f7fddb9ff8e4911f0dad16d923188a4111341faed547;d6243485922bb484bed9720279a7ea7aebf2458e1cc8c16e8bb2ede6951fdf3f;e4d0ec1a293133d3a8e65f1c424b607595062c2cb15bb57e93e2546d8374b394
component:a8ac52075a51d8c9,Sargon II,test,1,AO 19896-1.jpg,object:louvre_cl010122719,27a7acb1f2b99e522b8e0e2e53c657d8b95bc835c0ee9dd85dcdc54db87907fe
component:ac09f30382d7a7ae,Sargon II,train,1,BM 118831-1.jpg,object:bm_w_1847_0702_27,ba8cbd8478fcaeb930b2dd9ff141796d0473bdef553a091136d91c74c24816d2
component:af4283a3cfc298d8,Ashurnasirpal II,test,1,MET 17.190.2078-1.jpg,object:met_322487,9680032a917aab2fbda0c3a550f0bbf36ffea4daf1654c9645180145488c23a6
component:af96050e0dcf5973,Sargon II,train,3,AO 19870-1.jpg;AO 19870-2.jpg;AO 19870-3.jpg,object:louvre_cl010122695,0e2c36d562eedab10d3d0d2d42265a580868b43291b15231b50226f051934b83;c96c8ed9e4819d4b3cd6fe9dd37901388f68b158afb82adc27c98acf0d91952b;d6de32df00c7c65484eb56faa476c8300c4b7e2846b9abcd25dfcaa651c33a6c
component:b0677c4f454d2452,Sargon II,train,21,BM 118812-1.jpg;BM 118812-2.jpg;BM 118812-3.jpg;BM 118812-4.jpg;BM 118816-1.jpg;BM 118816-2.jpg;BM 118816-3.jpg;BM 118818-1.jpg;BM 118818-2.jpg;BM 118818-3.jpg;BM 118824-1.jpg;BM 118827-1.jpg;BM 118827-2.jpg;BM 118827-3.jpg;BM 118828-1.jpg;BM 118828-2.jpg;BM 118828-3.jpg;BM 118828-4.jpg;BM 118828-5.jpg;BM 118830-1.jpg;BM 118830-2.jpg,possible:bm_khorsabad_frieze_118812_118830,0ff8b384da351eb13e6c023b5fcaeb2642f051d1e3f8e91f48cd7e2b4ac65fd8;1b357740c21de8220a955d34f1ac2f25d774f892da4197f4bd50090f01c08cd0;32d2ce3e68779fd01bb59d7b59d00d02c909d008ad21269c1db7783629859bb6;581c38447326f85b61c4291e93e2f1244cf5e98983236ffad55622681b3bd067;64023958b71a0bc72502493ecf2704a916c00e936e9241191f8ef12badb518c0;677d9a2ee45abfab01e40f00e8f52ffa1ec42ae4c6cc8be73f3b04d6eabb9031;682fa63a206b74d0cae2822cb1c66302bf441079052dd76c824e9093083158d4;6bf1613654bd6244b31c85b8cb684f0d8c95011f3c3ec43ffcedb7ef3bfe84ab;7210914b48e4cf6c8c09f76ca2d8706d204d47791470a1e887a042caa2fafd5e;79853da4dca8125008e12233c3b537e36c440c4d0813aec41de2e1af5ef44b0f;7d2301fb28c042aa4bba95a20f6b8336b8e675b66a7eb063128b00a1d3d770a0;869433665c91c73a594797653ca46d4099923f700da3d774477648a994210624;8f426ad4343aabdbf1fc4a8680d11d8c0d8093e50879ed5f7d75d384d5ca8cfb;9067e560a36eaa230d9a02551dadee33ba73e80a5bd2a2be837d773a9949b863;90c96e23494d5c0592d53c4c8d201a1c4ec1383c8d840c07f8e70732f4a8101c;9a22481598e1af8bc1ba2bc2fb4dcdfbaada8c9db211c4fe86d27d03031e9302;d3a29dbfc76e4b6efa69ac619d21c1e5860e2dd2a6fc5e2013f22b4ce313703b;dcb2003c414edf3d2b6f0042cb5bc146464c3653a4cbd3bad48a36e408efce33;edaf44c842f7a80719a8101ed8b93410fc80e50e0696b39c1004cdbc438c78fc;f2f198ecd60318fe022c8a9829e85b14eeb529824676c1e41118542033ddc5c9;f90b95c34e587ede2a0923976d9b0596d0a3eab352370497b52d9921ad5d832d
component:b087c4d790d6e581,Sargon II,train,2,BM 118810-1.jpg;BM 118810-2.jpg,object:bm_w_1847_0702_24,1705edf9c0c108509ae70df94d7a852c5915e3731254678aa398d70d00b6e8b5;19f097cc62d8b53751165730b2e4b727dd4b601f798d63f7eb75813c0d72001a
component:b2f2d98de5f75ad9,Ashurnasirpal II,test,1,MET 32.143.12-1.jpg,object:met_322619,96b4e9d007188f40942a3805698b1fb27dc73e2598c932f15fcfe1bfff7b5d71
component:b36e0484649da15a,Ashurnasirpal II,train,5,BM 124544-1.jpg;BM 124544-2.jpg;BM 124544-3.jpg;BM 124544-4.jpg;BM 124544-5.jpg,object:bm_w_1849_0502_9,1ae7acdac3b28068abef7fbbf00d3cc3be8892de570a1eda8f3beb3b93f2b633;be5d0fd101f5a3eaf2062e3376bec8c11368e77491d198299602ed13fa8d7d84;e194fd23aed4ae4396b8c8e9dac8eef4f8b285d98969b97acd0d75614dc91a88;f2c10d6a8c472a9ee8eb659df76d938f9752e04e803fd365f137c1db4bb336f4;fd791404769d48c40c774e0c94108002f594b2cb6778354371ba9c8558b48999
component:b421156fe724dc45,Sargon II,train,6,AO 19863-1.jpg;AO 19863-2.jpg;AO 19863-3.jpg;AO 19863-4.jpg;AO 19863-5.jpg;AO 19863-6.jpg,object:louvre_cl010122689,0340729628b392b0e023e96747aa46823d364e24877a02d7b762968cd054ad83;48929942265f87e59d934359b6d02365ba853bb7f2033ec6e520b45aed54a219;bb173a904e610b429e0eea9fdfd20cacaf1548a72d9092b527c601f965493671;be152677b17916634de918b8400a4caef822c04e0319d9139b3fc885075a18cf;e3c5a8cd223cd43dce3934bf2fa50f868fd2e2aab39cf1ea04dc4205836c1d13;e88e6dd887ac791a2d6ccbe78db3827243d7968300546d91df4adb2bb6f72ad8
component:b7737af97c955939,Sargon II,train,1,AO 19918-1.jpg,object:louvre_cl010122723,32a06aee00f4cebfd77dec157ca3f3aaff2954d1e5ce2e6278b9517b6e09db35
component:b86414ebdd2a3298,Ashurbanipal,val,5,BM 124889-1.jpg;BM 124889-2.jpg;BM 124889-3.jpg;BM 124890-1.jpg;BM 124890-2.jpg,object:bm_w_1856_0909_19_1;object:bm_w_1856_0909_19_2,8d2f775551a24e288ed810f763e26f8c9851fddd4966b2e8c621cb3a938c3704;c917e77be3a8506be77c10442b8f8459a79a36680a49cbcb2ba97dec499b0023;e215cff1db4d023c9c261e6710b791d9e6a794f02d0cd516bb6d8738bed35440
component:bbf2f6f2e024c21d,Ashurnasirpal II,val,3,BM 124557-1.jpg;BM 124557-2.jpg;BM 124557-3.jpg,object:bm_w_1856_0909_210,116317155f555425fd584dfa228ef23c7a7607d271ce9b69fb7218bdc9058deb;7946a2f4a42d7d225826146479c0037cd2f3f1e84d76e61586d46b2583bb2b15;9e131939db823da9c7ac248ab680c83193009529ff70f24f0e1cf80557184d95
component:bce90e2dbcf0afa8,Sargon II,test,2,BM 118811-1.jpg;BM 118811-2.jpg,object:bm_w_1847_0702_6,2448e28075228a935aec4b0b0e0d9547cac3b8daacd1b7d2934831002730c889;3a9736aa90b4144291a01c7a316a5f4ab91d2ce8229be8af60ac449e8e0cb389
component:be817899297bd71c,Ashurbanipal,val,14,BM 124893-1.jpg;BM 124893-10.jpg;BM 124893-11.jpg;BM 124893-12.jpg;BM 124893-13.jpg;BM 124893-14.jpg;BM 124893-2.jpg;BM 124893-3.jpg;BM 124893-4.jpg;BM 124893-5.jpg;BM 124893-6.jpg;BM 124893-7.jpg;BM 124893-8.jpg;BM 124893-9.jpg,object:bm_w_1856_0909_21_6,03d98e9f058fc46ea9cb15bbd6898c5a576beb94630060364ce7de903dd55745;06be332b119f04701f0241f6f6b28f4fb1db39326bf3ad11e34caf5e0ca679cb;0d59da4e6904b8076aa99769aa206e4cf1982a9e7e1bb3146a316de468f83bc1;3b7831e32d73da6f955ec7fdfdb1081f9dd1f76423ef0c65b80620bd4681f080;6903e8064f5dee0cca8180691a95ab12b8cf73c35db41d84c162a1bf7eb884af;7401373d427373574b2f94ddaf7905b764b86b5b2f8e3edacd966c15c3f6fc21;7caa98a36775ddc55222a579e04cf68b3cb3c78b2a842b892dc67070e3d6937d;8461e69e960bba7cfbce93ad87683d783c8a880d728b5fccbec8ab35413456e5;85a0ca711ea5b5d520af80962ed5e11dec9511ecd8aa35e971674179bd6cda90;8879f250f277dca797f074bbc0f8ce86ce13ca4d33ca0fe3d317aec3cc1ecc06;a1b09b6529285254e02ccee53ada77dd6ff45c7dd92a9729532de28e68861d3b;b4661d89339fe5522ab4b6073e25420cdd01719e29c8b5e6f60b9468da4f73dd;c7754ba5470af2b404996ce8a2b2b43791ef0d85c9ee859612ae4b7be57a07a4;d2ae6da5d7d3bf0050fa3d80a7af150d57c8bd68478e42116d1205b027c3b23f
component:bf7ad17eb238988d,Sargon II,val,3,AO 19878-1.jpg;AO 19878-2.jpg;AO 19878-3.jpg,object:louvre_cl010122702,55a9894197a7bde8dd0b0729a57479cb1e1b20e1b8eddb2c77a71a03420c2e8e;7f4e754d6b9d2cb710df07e2cd4b5e461fb0da7c6cfb9c94c71861fc3a8751bd;c2e5b034a6bde5be5a1d3d21d9edaad8e3ec6084a2c65a7ed8529f242121ae1e
component:c167cf19d7f02d9e,Sargon II,val,4,AO 19869-1.jpg;AO 19869-2.jpg;AO 19869-3.jpg;AO 19869-4.jpg,object:louvre_cl010122694,95683028163a4654f44ccafe1f385e99ef827da66886ca213f0f6a19412a48ae;b23c7109d62785b8fbb4288d2d6bdf1e41fe3c960aca6eb48f1d86a3cbaa9979;bc4100d02dcbeea726f87005065bff25338f23637b8c50a08a16522cc089245d;e3adabd51241215ef38fc5d75f522ac2e58dde2912a383cd511f4082c3552502
component:c27ef6c733cb9666,Ashurnasirpal II,val,1,BM 124530-1.jpg,object:bm_w_1851_0902_504,9ce8c54d4096e959da6d1546b7412f97efd6d0d760906d3c244ce3333001f80c
component:c2a831c92b9da5f5,Ashurbanipal,train,5,BM 118918-1.jpg;BM 118918-2.jpg;BM 118918-3.jpg;BM 118918-4.jpg;BM 118918-5.jpg,object:bm_w_1856_0909_26,144819b2e71f5dbc1d301fae534420d74cd3a876194e2792df4460e77634ceb9;3a6fd51a9e7853b879da4189154872c00d201e727d39dcac636a5ce8baf57b56;44ed92b36cdf637264feb5ba9f2479e0a0e43da874c89274d29bb293068a4a45;5ddee7c10190803b1e56773d122f49b8a7cc804cd491bfd6e41c03149b86e6f4;93ab5f21ed4ddd058ec8cf25aaf43c6b330a668d05a033625132ac92cbc79bed
component:c640a4bd702bc287,Ashurbanipal,test,1,BM 124872-1.jpg,object:bm_w_1856_0909_47,3e63af63dd0363e6c064cd35619420304977a3ce9b0bbdde7c7f4b432ff309eb
component:cc32663a4a88c800,Ashurnasirpal II,train,1,MET 17.190.2080-1.jpg,object:met_322489,b05f6b50e136124b615283f3474c835a94acc76c21d6be11c24b866b6faee079
component:cd3a833ae20aee8d,Ashurbanipal,train,4,BM 124793-1.jpg;BM 124793-2.jpg;BM 124793-3.jpg;BM 124793-4.jpg,object:bm_w_rm_1093,1537e98af2b02463241cb07a8bab9c58b31464ef27f48cb00b41011cfc434fe5;bdcdb2d51634195f2ec0c06a4017d923adb6cd4b2d76d40e8bb0eaba7b2d3029;d8aef3499fc541cdeec3c54828c5f0f9a6f9b2af53fe56918b0068c5ee59ef9d;fe302f93703a13df58890808942010038bc72f96eaaa3dc67f0aa67abf30044e
component:cd997aa82408c7e4,Ashurnasirpal II,train,4,BM 124567-1.jpg;BM 124567-2.jpg;BM 124567-3.jpg;BM 124567-4.jpg,object:bm_w_1850_1228_10,1ec8c653453a34484d15d704272507717b9398ecce07cc73a3d8772c028ad1e7;30d91596519bcadf2e4c54cb8233d41bb7ed0100208fb5b6e419ed815cf724ed;8dc155534ac8cc75ca8ae8afdc87faa05be67731c6ad45ae39c69bfd31042062;989badacdadaeaea99d483dad6ed9c886dbf96e05b4c7608e985e1298e1d1314
component:cdcde6e96b8e38c3,Ashurnasirpal II,test,1,MET 31.72.3-1.jpg,object:met_322595,e70aa82f26f9f6d65b8967da573b51c463f44b897e7c21cdbe2443ebd398be7f
component:ce82469a07c30f11,Ashurnasirpal II,val,4,BM 124569-1.jpg;BM 124569-2.jpg;BM 124569-3.jpg;BM 124569-4.jpg,object:bm_w_1849_0502_14,0b08ef73d5ffcfe7d8dfae35ee91e9113dc664d633839167d0f621739d2b584d;250d9ef13d56c69fd12531ca2fc4fc1389e0280d49f1a1ec6596e5c29cc02fac;352550f759fd6a9bc093df39e24dc28548e2af074d83ac2e4c60347478a5b742;61e3d792fe08e840650a0445d01d896a9541b5a4cf78b9deeb41b93d18c4b16b
component:d02b2dac92a774f5,Ashurbanipal,test,1,BM 124931-1.jpg,object:bm_w_1856_0909_17_18_2,ca0961c0e75d2e87ce689a68a2492fc08cbe00b68a04fa3ba4c9b070ec4e37ad
component:d0a00c96ca55f505,Sargon II,val,3,AO 19876-1.jpg;AO 19876-2.jpg;AO 19876-3.jpg,object:louvre_cl010122700,564d34fff1958721d0b938dd14f868850298e84b401aba896cc00e05bc1cbd08;7708ce9ea304f166ac6b6053ba3597b7d41a4d187e32ba47baca36a736ac9ccc;d7f2cbdb761ea6a9898a1daec0fc1726c8dc5c6ddbc667161a95ed5a51d07651
component:d50b8e780f731a29,Ashurbanipal,test,2,BM 124867-1.jpg;BM 124867-2.jpg,object:bm_w_1856_0909_16_3,0a05ed98c0c823bafcbfdb08e90e245db6ec8a17010be9f705e7d136e0b13356;91608edd2db9ea0406531e4fb4dd71330cc0be262086bcccbfd33beddd0f8dfd
component:d53c1a364259480d,Sargon II,test,1,AO 19917-1.jpg,object:louvre_cl010122722,8a8d18cafeb701d54b4c3c383940d268cd95b523634bfb24da8d3442ffbf7ec8
component:d56157afc437d0e1,Sargon II,test,1,BM 118814-1.jpg,object:bm_w_1847_0702_19,e3ee184705563d3069d543361bf795050fcc35f1781f6f9b2d94051276d371ef
component:d6f26b811224c374,Ashurnasirpal II,train,8,BM 124554-1.jpg;BM 124554-2.jpg;BM 124554-3.jpg;BM 124554-4.jpg;BM 124554-5.jpg;BM 124554-6.jpg;BM 124554-7.jpg;BM 124554-8.jpg,object:bm_w_1849_1222_23,011cbcf622b161fac89500d59df6edabbe3d479f3663f07d91a2066d856a22f7;12b02dbb41582beca68726b7e1823577d475ce6fde13f63d4892593a086fd572;32648cb5cea9fd4281a359aeb7f45f12204852ec6885765efa4f72a803b674dd;407c5d54a754b2adacece7c2dcb7b73a9eb1acdb004f782e3d6a919236188a83;862d9c820a23b8213500541215fa627c31dbecc830f90f75b685f0cf069fa79d;94715093d605cacd3fbc91788e351f18d8ed8110827b26c91e32b1b2a115201e;9a4d03e2f4f07084c722634e72bad36387da62ed112ddaca019249fa07e8c308;f671fa42fe0ee1151e438804cb86a0dfc549a316f1ee2ca467b33e8e91ccf405
component:d94e08299cd0aa05,Ashurnasirpal II,train,2,BOS 35.731-1.jpg;BOS 35.731-2.jpg,object:mfa_relief_of_a_protective_deity,2d74ed3d74e932dd3119a77841a7400de3888fcb082adc1412df65f2de4e704f;990996ac1f1ec5663da132cae1c46978b0c22623087071acb46dfe90c170c9a0
component:d96e80f3232c9ca5,Ashurnasirpal II,val,1,HMA S.856.3.1-1.tif,object:hma_s_856_3_1,f9e97634d11d56242e1ecd6059c9fd57d313b965942ba09659b0c3f520094fc7
component:d9a32fc73c776b8f,Ashurnasirpal II,train,6,BM 98061-1.jpg;BM 98061-2.jpg;BM 98061-3.jpg;BM 98061-4.png;BM 98061-5.png;BM 98061-6.png,object:bm_w_1903_1010_2,057500babe2504d3ac5c217990ad4283354a5dc299259ca67ab0db9794cff208;12347287bd9f62984d80f0a959b93fdc6777015a699bf96e9cbfd9b52ffe81d0;78ed618a95446efe6e4d96696ccd48bd8026c46c20f9786466360b230f76d42c;9f67f2feff7b3540f5518182ac7e6b415d842ff389c056fc22404113e804e582;bf6fc0d12e05a6a1ee13755c68b6eb47b89d6308ce405e5e02b11ba43c9f0fc9;e3884f21e7a8a083422c6d9dfcbca8fbfc5047a0080ea968de262c0dbcbadc00
component:de0dbb0932fa433b,Ashurnasirpal II,val,3,BM 124568-1.jpg;BM 124568-2.jpg;BM 124568-3.jpg,object:bm_w_1850_1228_5,47de978a20f570d03cbcf1aa8cc1d7843c667191d0ea046f306a2ef885e3a598;cc8675c39ae3f96ab72d6ad681e319aa81fdc68aa649340af21c3050b3dd2991;f17479e0a49b982c6c518471fe033505b0b70bef0987cad57fe812663688bae0
component:de87f3b13f238d84,Ashurbanipal,test,2,BM 124887-1.jpg;BM 124887-2.jpg,object:bm_w_1856_0909_51,9832d1e491441686ee1eb5fc4fcf9b43c9f2ef13e1207f6ac67476d8ed19927a;b998251b4e38fc57a26934cda562b3507a1521865a5c20265bcb02c19b288a5b
component:dfdd4235b880fc51,Ashurnasirpal II,val,1,MET 17.190.2077-1.jpg,object:met_322486,d0949c0a7ab7cdbefb676931335d47193017e51bf947fbcdbed2a9f7d2f1c181
component:dfe7823153363648,Sargon II,val,1,MET 33.16.1-1.jpg,object:met_322895,80aae312f24366a51ad3ae26d984feb33374187abf9782b7a5905ab04ba8f69c
component:e08482d27a62dbce,Ashurnasirpal II,train,6,BM 124534-1.jpg;BM 124534-2.jpg;BM 124534-3.jpg;BM 124534-4.jpg;BM 124534-5.jpg;BM 124534-6.jpg,object:bm_w_1847_0623_11,016c088d9ae2486a2b15309dbd32e6b3a60ec28ac6fd7563225a5dd3145bbbd2;29021641e15f6d7e118a7a0271e5ed0c57cf529cb6f856f605272d8162d247fa;337cf70f5bb78f6bbcbbc670a867f6ecda9d5b0e15b913863d03a19494e42c45;47892b4a3a671ecb04248c59bb3c73ada0dc703559a6bc353fa84c6cf3418fe3;c932d5daaa5980ee061703c3cb40567612ad4041c1bcb1ee5fe05c53ca106c56;e78f334c48eb782ce702c6c07f785414a7e8121f41fc31c5531c9f1520a461ab
component:e17c334a61158cf3,Ashurnasirpal II,test,1,MET 32.143.7-1.jpg,object:met_322614,458bd164a1cc97b048dbd74aec5c2f84774b53241fcf998e60f032a0aae017bb
component:e2b989267f88b6bb,Sargon II,train,4,AO 19875-1.jpg;AO 19875-2.jpg;AO 19875-3.jpg;AO 19875-4.jpg,object:louvre_cl010122699,689592d64b5996274f3504f5a962c7f65c7091238e93efd136cdb2aaa42bdd59;8ff7111c6ffd31a474b3bdcc66725f8b8ac89cd500363b5d72a8e0f636db0b66;b380cc9ad40fa137978551b97e6119c649a3908462fb9aaf918b3fbdbe056f97;f48a061fd71a8c8bef30e32a12ef730bdfdf8402e8a6f7a2266beaf8bc07f416
component:e3555baf0baf0dda,Ashurnasirpal II,train,3,BM 124586-1.jpg;BM 124586-2.jpg;BM 124586-3.jpg,object:bm_w_1847_0623_4,46db8113205ba811875644a04cb63e5eaa4dda9ae417826dcb80d5d80e7b0930;a030b96110fb80c851c64ad5e8c86de1f4bcf27ab858d456f565f323b77b06f0;e69fe766eb62266ae2270172781c8066c1d35b38cc613f959f6fe23455cda08e
component:e92d5ff2d726f1c0,Ashurnasirpal II,test,2,BM 124549-1.jpg;BM 124549-2.jpg,object:bm_w_1849_1222_6,058c60703f2209cbe4386530fa4c69c18733447f8b8c6c2285838bf24b4c86fb;3c0e396e77004887a238334d8015dd8522892d83a617c92e969fb2163a57e50d
component:eb7c0d98ada46e0a,Ashurbanipal,test,5,BM 124919-1.jpg;BM 124919-2.jpg;BM 124919-3.jpg;BM 124919-4.jpg;BM 124919-5.jpg,object:bm_w_1856_0909_52,2cdab94831bc8ff826a74e070b980662e25531a284bfd7497323f49d08749a33;742a38e121b19c1e2a22397399f6d0e7adca729106126c69910267222286f5b0;9741b34489c9ebe59940fc8a233aac2bf824f7d5513dde8bcaaa4dfb94ca99f7;9dbd72cf65dbd7a8eefd76ff07b51b87b23b0de6e5bdc4cf20b483e94dd965ed;d60644c8d20812f039fae1f792119ac12597639edd8976c72be7443ddfaa29da
component:ec367661f6437692,Ashurbanipal,train,15,BM 124874-1.jpg;BM 124874-10.jpg;BM 124874-11.jpg;BM 124874-12.jpg;BM 124874-13.jpg;BM 124874-14.jpg;BM 124874-15.jpg;BM 124874-2.jpg;BM 124874-3.jpg;BM 124874-4.jpg;BM 124874-5.jpg;BM 124874-6.jpg;BM 124874-7.jpg;BM 124874-8.jpg;BM 124874-9.jpg,object:bm_w_1856_0909_48_8,019b2d05bdd606f8ef7b0d1a77e87d8b43d8bc9efd0c437c235a581b386dd483;1d9c5e2b2e52e3122f6d0d2197eb98ce336541dbf942f76c2a910f2c9a3a6bfe;3a34e98713287a95097f344d33405af3847e571936d8f2e5ed9a1c38e1d0f0eb;5c2390bbcafc05276f229007f3474e9b13c87003d3499c780abdd137a56f3657;683fa685903000d3cd71d02f8517ac55fe1b83837ee1ad17ece2ba94b8114e53;8401c3783fc12b449b19078c8dcd5f5bad46f77b608b8a1b27b4c396af450a76;85e465e0f09540831b2d4a381dce67df063c232fc4633f0e355e46392db7b675;a5205df9fa298267ffc0a2b33ba3eeb1540a2c842e3badca8706598f7e1160a9;afe649a59716a3c4e85b24887432b53279dadf9b56a35277487f4bde72b3270a;b95c0e086ec296c06f22dd1ad627e34bdd9ec53f4a71fdb9d4dc89c71ec62143;ba423a655a59ff6807d85200223b93fa76db1feb8653e4779662625daf6c5a80;bf43ef20f0f13631b07e24455b13defd183220222b7878a6d0fd56f213f7503e;c88ee1ed1872b1fe18fa504b7a22995f4aa817244afd8bbe102e0abc87aff88e;e3a8ce8224b9b8781033a63f919d8bf93305a519119f710a1597bf3c36d49250;fa3b1e9d59cd3bc926289e6e8b3bd2ca9cab14a64ec81bddc1efd0e62c86d4de
component:ee070c7dc38ffef0,Ashurnasirpal II,test,2,BM 124539-1.jpg;BM 124539-2.jpg,object:bm_w_1849_0502_11,49e50fd6d37b0d9846373e5d003dc9016724f2fdd69b4669785a59f0035959a4;c9d489da9387d52439c9484913dcdb28bdd8e870b33bce0e53c87c7f7c6de649
component:f1361a1a2e806a6e,Ashurnasirpal II,train,10,BM 124552-1.jpg;BM 124552-10.jpg;BM 124552-2.jpg;BM 124552-3.jpg;BM 124552-4.jpg;BM 124552-5.jpg;BM 124552-6.jpg;BM 124552-7.jpg;BM 124552-8.jpg;BM 124552-9.jpg,object:bm_w_1848_1104_20,3f89c4aca15786dfb8fcf98a26aeaaf845fbbc3adbbed44c485b2b6f2e821b90;4ae6f8ff80ba712f480bd30ad831c7ae98f92df30df18f63f430e7fe4ba8c959;5d919f370f54b5e7fc9879f7233035eaa9a23c2d1497a264fdc541275b76b2b0;6c559634b504ac8b14a6bb026c16e256db5bc0c522223b7b023ea1826cf3d7ed;a3a45c643a940acb8d811a7fa05a67dfd9760b244254341437583796c0d74bcd;a603256102067b8532f5e6133ba1098443fe5ee25c3e226fc9942ff5e0e82962;a9c9ba2b5f7224fe40e5f04d3a4644048380a9f55c9b02d508cea440a20c55f4;d8062acb8160225559ec35ad0cde8f2d3e38a84833ca85b9a5956659c227e58a;e3a33bee27d1b2ec6be1990de144fe06da77033dcff26aa5c4b26461e4ecc9ea;fceb89d03b29f6b56a4a137d203f23e88194a521f5e45c2a2ae0f25b20255150
component:f1ebded2f446e3b1,Ashurnasirpal II,train,6,BM 124540-1.jpg;BM 124540-2.jpg;BM 124540-3.jpg;BM 124540-4.jpg;BM 124540-5.jpg;BM 124540-6.jpg,object:bm_w_1849_1222_16,12b6827b490dcd25c4984c4408ccd36b8b8e05f8a3c31d692ca3afb397d8d81c;39a3028c6086f6f6d08cff4ef706506857db845d1ddb8d964564b8d7105fe019;463a114c9290913b69ac1cd7c9be6417afd693cb1c95000e0e0cea1644df7efd;6fa8846ff4704ba76137dd6a6c242e40b4a754dfe208262859e7e8ea4bc62c33;c2e4fd75422dcd0a4313324634d85166d130244a5dfe635f44c061bdea79ae7b
component:f27dd8f35df6bb38,Ashurnasirpal II,train,2,BM 124580-1.jpg;BM 124580-2.jpg,object:bm_w_1849_1222_19,32d4f0cd2fe862bf6f79e9630dd38d1c24b99d7ba42957ad16971cb77b248900;57364f8ba178eb3776426415c53f4a2f03c989ca4fcd64312911c6f3efbd26d7
component:f2d53d3411718014,Ashurnasirpal II,train,7,BM 124562-1.jpg;BM 124562-2.jpg;BM 124562-3.jpg;BM 124562-4.jpg;BM 124562-5.jpg;BM 124562-6.jpg;BM 124562-7.jpg,object:bm_w_1850_1228_7,1fca5603f7a0f8ea545e317aafa0744c2522ab2e10ab7c9fbb375fe5a82b61cd;3bca7488da6d247490deba0f7686665622196756c5a6a0aea789914372a261f3;5c0344a9ee7da44ee194eb88d94275b310ac30fac6488490ab87eac07e995c9d;82a715e4ad0826305094521d6e2eb71f113940d1954c5ab0bc274bb15de7a6f4;8d464a1f8880e3c96135fcd17360832dcdb159980331aaf6587301112c69972b;a258c2de1ef5e9a75a4dd6081cd15a93de50429e27e772b89eda269454710ece;c1835d33c917c940c592610559d48738e0255b1d615379d26945c2069b77a040
component:f34833eb93d1493c,Sargon II,val,1,AO 19898-1.jpg,object:louvre_cl010122720,ce848ef64f38ecb0456b13c8bd23cb33bf9c964846fd7a19a0cc151d264e5b69
component:f36e8573ad031797,Ashurbanipal,test,3,BM 124926-1.jpg;BM 124926-2.jpg;BM 124926-3.jpg,object:bm_w_1856_0909_31_32_1,a5a79aca1f18a9c8f60935a3c01d40394364266c08347fb4f8a24a9407ac458b;e1281e77bc79fbb3f1e9ab9d113c62d1cd8c360679ffad36ee1c1d0cc52b6d05;f53595fd2d96b4a910382594cadc406752fee93615d8514c29ce35a179d61236
component:f656e5c882b9db96,Sargon II,train,3,AO 19884-1.jpg;AO 19884-2.jpg;AO 19884-3.jpg,object:louvre_cl010122708,21f09c9e87c2694540b43a4c1baab5972a6228e92164c56891bebd873a03b49f;33c83d9f88dbdd729c2ca4e1fdc0887b9e1e45af2d679389ed6686ba03437c4d;ce1b17daf997e82f43db56f6e9f91993beb358854bb632e4fee2d22ecee99184
component:f8374e9ec37a892d,Ashurbanipal,val,3,BM 124937-1.jpg;BM 124937-2.jpg;BM 124937-3.jpg,object:bm_w_1856_0909_17_18_4,06adfbeed2c7e69ec1acac55a59c29587f2bfa2083e016b47e09962e023803ca;0e724755e35f21f525c668dd2445244e459e408059f2150847684e3d8c0f01b4;8460b610173adf987726baa4a5f47af4b6fb4fa5a8765a0c12c67617a94c010a
component:f9766de051a8a32d,Sargon II,test,1,AO 19894-1.jpg,object:louvre_cl010122717,8df569e7d9380ac72b92f9705fd1e6156b94aaf997334aa030972d1b7c594587
component:fb98add81b13c43f,Ashurnasirpal II,test,1,HM 3938-1.jpg,object:hermitage_86814,56833e5fcea71d5d55699ec2db5f4872a93ebd9cfa28690fe2316326b56af1d4
component:fc2233d0d06153f5,Ashurnasirpal II,train,1,BRK 55.153-1.jpg,object:brooklyn_55_153,017c5910c2ff166616a22fb2eb66f7ab0dde0fefe80d0578fde2f97b26dddf06
component:fca0a75d99a0a0fa,Sargon II,val,1,AO 19867-1.jpg,object:louvre_cl010122693,225b490711f1dc2ce469238c4f173190c33b71c5d9e99437e5c36395555464ea
component:ff95c7143ee04439,Ashurbanipal,val,2,BM 124939-1.jpg;BM 124939-2.jpg,relief:bm_124939,7da75522bafff4b78c837e8f8b090e0fc241d20beb0a229f155575bdd70b856e;e2d8d678f1820d810708217729d383ed2ba6521484e2720ab61d1286bc9c53af
component:ff9c16e32bff01d9,Ashurnasirpal II,val,4,BM 124579-1.jpg;BM 124579-2.jpg;BM 124579-3.jpg;BM 124579-4.jpg,object:bm_w_1849_1222_8,23925e1ba08c6d7243ed676349fe487f013a0ecd8b6e5cb33530b839136c3008;748f34b1e7f9befd92d7fabec63e8a5f54d8407493bd3c0e3c2ffd8a14409193;9459fa9041076ac1404787aef08dace0bb07b299edc0b11ec87314ca687269a6;f8d02da6c60971b882fb8ee2167140541711593172ccd8efb24ea7f0dbeef7f2
component:ffc507f09a33cb7b,Ashurbanipal,val,1,BM 124869-1.jpg,object:bm_w_1856_0909_16_1,c3434766f8f66758c49db47d8df4e98125d373a33ff408ef96b5f1cd7572bd32
